Age;1900;1901;1902;1903;1904;1905;1906;1907;1908;1909;1910;1911;1912;1913;1914;1915;1916;1917;1918;1919;1920;1921;1922;1923;1924;1925;1926;1927;1928;1929;1930;1931;1932;1933;1934;1935;1936;1937;1938;1939;1940;1941;1942;1943;1944;1945;1946;1947;1948;1949;1950;1951;1952;1953;1954;1955;1956;1957;1958;1959;1960;1961;1962;1963;1964;1965;1966;1967;1968;1969;1970;1971;1972;1973;1974;1975;1976;1977;1978;1979;1980;1981;1982;1983;1984;1985;1986;1987;1988;1989;1990;1991;1992;1993;1994;1995;1996;1997;1998;1999;2000;2001;2002;2003;2004;2005
0; - ; - ; - ; - ; - ; - ; - ; - ; - ; - ; - ; - ; - ; - ; - ; - ; - ; - ; - ; - ; - ; - ; - ; - ; - ; - ; - ; - ; - ; - ; - ; - ; - ; - ; - ; - ; - ; - ; - ; - ; - ; - ; - ; - ; - ; - ; - ; - ; - ; - ; - ; - ; - ; - ; - ; - ; - ; - ; - ; - ; - ; - ; - ; - ; - ; - ; - ; - ; - ; - ; - ; - ; - ; - ; - ; - ; - ; - ; - ; - ; - ; - ; - ; - ; - ; - ; - ; - ; - ; - ; - ; - ; - ; - ; - ; - ;100 000;100 000;100 000;100 000;100 000;100 000;100 000;100 000;100 000;100 000
1; - ; - ; - ; - ; - ; - ; - ; - ; - ; - ; - ; - ; - ; - ; - ; - ; - ; - ; - ; - ; - ; - ; - ; - ; - ; - ; - ; - ; - ; - ; - ; - ; - ; - ; - ; - ; - ; - ; - ; - ; - ; - ; - ; - ; - ; - ; - ; - ; - ; - ; - ; - ; - ; - ; - ; - ; - ; - ; - ; - ; - ; - ; - ; - ; - ; - ; - ; - ; - ; - ; - ; - ; - ; - ; - ; - ; - ; - ; - ; - ; - ; - ; - ; - ; - ; - ; - ; - ; - ; - ; - ; - ; - ; - ; - ;100 000;99 607;99 617;99 626;99 635;99 643;99 652;99 660;99 668;99 676;99 683
2; - ; - ; - ; - ; - ; - ; - ; - ; - ; - ; - ; - ; - ; - ; - ; - ; - ; - ; - ; - ; - ; - ; - ; - ; - ; - ; - ; - ; - ; - ; - ; - ; - ; - ; - ; - ; - ; - ; - ; - ; - ; - ; - ; - ; - ; - ; - ; - ; - ; - ; - ; - ; - ; - ; - ; - ; - ; - ; - ; - ; - ; - ; - ; - ; - ; - ; - ; - ; - ; - ; - ; - ; - ; - ; - ; - ; - ; - ; - ; - ; - ; - ; - ; - ; - ; - ; - ; - ; - ; - ; - ; - ; - ; - ;100 000;99 877;99 487;99 499;99 510;99 521;99 532;99 543;99 553;99 564;99 574;99 583
3; - ; - ; - ; - ; - ; - ; - ; - ; - ; - ; - ; - ; - ; - ; - ; - ; - ; - ; - ; - ; - ; - ; - ; - ; - ; - ; - ; - ; - ; - ; - ; - ; - ; - ; - ; - ; - ; - ; - ; - ; - ; - ; - ; - ; - ; - ; - ; - ; - ; - ; - ; - ; - ; - ; - ; - ; - ; - ; - ; - ; - ; - ; - ; - ; - ; - ; - ; - ; - ; - ; - ; - ; - ; - ; - ; - ; - ; - ; - ; - ; - ; - ; - ; - ; - ; - ; - ; - ; - ; - ; - ; - ; - ;100 000;99 945;99 823;99 435;99 448;99 460;99 472;99 484;99 496;99 507;99 518;99 529;99 540
4; - ; - ; - ; - ; - ; - ; - ; - ; - ; - ; - ; - ; - ; - ; - ; - ; - ; - ; - ; - ; - ; - ; - ; - ; - ; - ; - ; - ; - ; - ; - ; - ; - ; - ; - ; - ; - ; - ; - ; - ; - ; - ; - ; - ; - ; - ; - ; - ; - ; - ; - ; - ; - ; - ; - ; - ; - ; - ; - ; - ; - ; - ; - ; - ; - ; - ; - ; - ; - ; - ; - ; - ; - ; - ; - ; - ; - ; - ; - ; - ; - ; - ; - ; - ; - ; - ; - ; - ; - ; - ; - ; - ;100 000;99 969;99 915;99 793;99 406;99 419;99 432;99 445;99 457;99 469;99 481;99 493;99 504;99 515
5; - ; - ; - ; - ; - ; - ; - ; - ; - ; - ; - ; - ; - ; - ; - ; - ; - ; - ; - ; - ; - ; - ; - ; - ; - ; - ; - ; - ; - ; - ; - ; - ; - ; - ; - ; - ; - ; - ; - ; - ; - ; - ; - ; - ; - ; - ; - ; - ; - ; - ; - ; - ; - ; - ; - ; - ; - ; - ; - ; - ; - ; - ; - ; - ; - ; - ; - ; - ; - ; - ; - ; - ; - ; - ; - ; - ; - ; - ; - ; - ; - ; - ; - ; - ; - ; - ; - ; - ; - ; - ; - ;100 000;99 979;99 948;99 895;99 773;99 386;99 400;99 413;99 426;99 439;99 452;99 464;99 476;99 487;99 499
6; - ; - ; - ; - ; - ; - ; - ; - ; - ; - ; - ; - ; - ; - ; - ; - ; - ; - ; - ; - ; - ; - ; - ; - ; - ; - ; - ; - ; - ; - ; - ; - ; - ; - ; - ; - ; - ; - ; - ; - ; - ; - ; - ; - ; - ; - ; - ; - ; - ; - ; - ; - ; - ; - ; - ; - ; - ; - ; - ; - ; - ; - ; - ; - ; - ; - ; - ; - ; - ; - ; - ; - ; - ; - ; - ; - ; - ; - ; - ; - ; - ; - ; - ; - ; - ; - ; - ; - ; - ; - ;100 000;99 983;99 962;99 932;99 879;99 758;99 371;99 385;99 399;99 412;99 425;99 438;99 451;99 463;99 475;99 487
7; - ; - ; - ; - ; - ; - ; - ; - ; - ; - ; - ; - ; - ; - ; - ; - ; - ; - ; - ; - ; - ; - ; - ; - ; - ; - ; - ; - ; - ; - ; - ; - ; - ; - ; - ; - ; - ; - ; - ; - ; - ; - ; - ; - ; - ; - ; - ; - ; - ; - ; - ; - ; - ; - ; - ; - ; - ; - ; - ; - ; - ; - ; - ; - ; - ; - ; - ; - ; - ; - ; - ; - ; - ; - ; - ; - ; - ; - ; - ; - ; - ; - ; - ; - ; - ; - ; - ; - ; - ;100 000;99 986;99 969;99 948;99 918;99 866;99 745;99 358;99 373;99 387;99 400;99 414;99 427;99 440;99 452;99 464;99 476
8; - ; - ; - ; - ; - ; - ; - ; - ; - ; - ; - ; - ; - ; - ; - ; - ; - ; - ; - ; - ; - ; - ; - ; - ; - ; - ; - ; - ; - ; - ; - ; - ; - ; - ; - ; - ; - ; - ; - ; - ; - ; - ; - ; - ; - ; - ; - ; - ; - ; - ; - ; - ; - ; - ; - ; - ; - ; - ; - ; - ; - ; - ; - ; - ; - ; - ; - ; - ; - ; - ; - ; - ; - ; - ; - ; - ; - ; - ; - ; - ; - ; - ; - ; - ; - ; - ; - ; - ;100 000;99 987;99 973;99 956;99 936;99 906;99 854;99 733;99 347;99 362;99 376;99 390;99 403;99 417;99 430;99 442;99 455;99 467
9; - ; - ; - ; - ; - ; - ; - ; - ; - ; - ; - ; - ; - ; - ; - ; - ; - ; - ; - ; - ; - ; - ; - ; - ; - ; - ; - ; - ; - ; - ; - ; - ; - ; - ; - ; - ; - ; - ; - ; - ; - ; - ; - ; - ; - ; - ; - ; - ; - ; - ; - ; - ; - ; - ; - ; - ; - ; - ; - ; - ; - ; - ; - ; - ; - ; - ; - ; - ; - ; - ; - ; - ; - ; - ; - ; - ; - ; - ; - ; - ; - ; - ; - ; - ; - ; - ; - ;100 000;99 987;99 974;99 960;99 944;99 924;99 895;99 843;99 723;99 337;99 351;99 366;99 380;99 394;99 407;99 421;99 433;99 446;99 458
10; - ; - ; - ; - ; - ; - ; - ; - ; - ; - ; - ; - ; - ; - ; - ; - ; - ; - ; - ; - ; - ; - ; - ; - ; - ; - ; - ; - ; - ; - ; - ; - ; - ; - ; - ; - ; - ; - ; - ; - ; - ; - ; - ; - ; - ; - ; - ; - ; - ; - ; - ; - ; - ; - ; - ; - ; - ; - ; - ; - ; - ; - ; - ; - ; - ; - ; - ; - ; - ; - ; - ; - ; - ; - ; - ; - ; - ; - ; - ; - ; - ; - ; - ; - ; - ; - ;100 000;99 987;99 975;99 962;99 949;99 933;99 913;99 884;99 832;99 712;99 327;99 342;99 356;99 371;99 385;99 398;99 412;99 425;99 438;99 450
11; - ; - ; - ; - ; - ; - ; - ; - ; - ; - ; - ; - ; - ; - ; - ; - ; - ; - ; - ; - ; - ; - ; - ; - ; - ; - ; - ; - ; - ; - ; - ; - ; - ; - ; - ; - ; - ; - ; - ; - ; - ; - ; - ; - ; - ; - ; - ; - ; - ; - ; - ; - ; - ; - ; - ; - ; - ; - ; - ; - ; - ; - ; - ; - ; - ; - ; - ; - ; - ; - ; - ; - ; - ; - ; - ; - ; - ; - ; - ; - ; - ; - ; - ; - ; - ;100 000;99 987;99 975;99 963;99 950;99 937;99 922;99 902;99 873;99 821;99 702;99 317;99 332;99 347;99 361;99 375;99 389;99 403;99 416;99 429;99 442
12; - ; - ; - ; - ; - ; - ; - ; - ; - ; - ; - ; - ; - ; - ; - ; - ; - ; - ; - ; - ; - ; - ; - ; - ; - ; - ; - ; - ; - ; - ; - ; - ; - ; - ; - ; - ; - ; - ; - ; - ; - ; - ; - ; - ; - ; - ; - ; - ; - ; - ; - ; - ; - ; - ; - ; - ; - ; - ; - ; - ; - ; - ; - ; - ; - ; - ; - ; - ; - ; - ; - ; - ; - ; - ; - ; - ; - ; - ; - ; - ; - ; - ; - ; - ;100 000;99 987;99 974;99 962;99 951;99 938;99 925;99 910;99 891;99 862;99 811;99 691;99 306;99 322;99 337;99 352;99 366;99 380;99 394;99 408;99 421;99 434
13; - ; - ; - ; - ; - ; - ; - ; - ; - ; - ; - ; - ; - ; - ; - ; - ; - ; - ; - ; - ; - ; - ; - ; - ; - ; - ; - ; - ; - ; - ; - ; - ; - ; - ; - ; - ; - ; - ; - ; - ; - ; - ; - ; - ; - ; - ; - ; - ; - ; - ; - ; - ; - ; - ; - ; - ; - ; - ; - ; - ; - ; - ; - ; - ; - ; - ; - ; - ; - ; - ; - ; - ; - ; - ; - ; - ; - ; - ; - ; - ; - ; - ; - ;100 000;99 986;99 973;99 961;99 949;99 938;99 926;99 913;99 898;99 879;99 851;99 800;99 681;99 296;99 312;99 327;99 342;99 357;99 371;99 385;99 399;99 412;99 425
14; - ; - ; - ; - ; - ; - ; - ; - ; - ; - ; - ; - ; - ; - ; - ; - ; - ; - ; - ; - ; - ; - ; - ; - ; - ; - ; - ; - ; - ; - ; - ; - ; - ; - ; - ; - ; - ; - ; - ; - ; - ; - ; - ; - ; - ; - ; - ; - ; - ; - ; - ; - ; - ; - ; - ; - ; - ; - ; - ; - ; - ; - ; - ; - ; - ; - ; - ; - ; - ; - ; - ; - ; - ; - ; - ; - ; - ; - ; - ; - ; - ; - ;100 000;99 985;99 971;99 959;99 947;99 936;99 924;99 913;99 900;99 886;99 867;99 839;99 788;99 669;99 285;99 300;99 316;99 331;99 346;99 361;99 375;99 389;99 403;99 416
15; - ; - ; - ; - ; - ; - ; - ; - ; - ; - ; - ; - ; - ; - ; - ; - ; - ; - ; - ; - ; - ; - ; - ; - ; - ; - ; - ; - ; - ; - ; - ; - ; - ; - ; - ; - ; - ; - ; - ; - ; - ; - ; - ; - ; - ; - ; - ; - ; - ; - ; - ; - ; - ; - ; - ; - ; - ; - ; - ; - ; - ; - ; - ; - ; - ; - ; - ; - ; - ; - ; - ; - ; - ; - ; - ; - ; - ; - ; - ; - ; - ;100 000;99 983;99 968;99 955;99 943;99 932;99 921;99 910;99 898;99 886;99 872;99 853;99 826;99 775;99 656;99 272;99 288;99 304;99 320;99 335;99 350;99 364;99 378;99 392;99 406
16; - ; - ; - ; - ; - ; - ; - ; - ; - ; - ; - ; - ; - ; - ; - ; - ; - ; - ; - ; - ; - ; - ; - ; - ; - ; - ; - ; - ; - ; - ; - ; - ; - ; - ; - ; - ; - ; - ; - ; - ; - ; - ; - ; - ; - ; - ; - ; - ; - ; - ; - ; - ; - ; - ; - ; - ; - ; - ; - ; - ; - ; - ; - ; - ; - ; - ; - ; - ; - ; - ; - ; - ; - ; - ; - ; - ; - ; - ; - ; - ;100 000;99 981;99 964;99 950;99 937;99 925;99 914;99 904;99 893;99 882;99 870;99 856;99 838;99 811;99 760;99 642;99 258;99 275;99 291;99 307;99 322;99 337;99 352;99 366;99 381;99 394
17; - ; - ; - ; - ; - ; - ; - ; - ; - ; - ; - ; - ; - ; - ; - ; - ; - ; - ; - ; - ; - ; - ; - ; - ; - ; - ; - ; - ; - ; - ; - ; - ; - ; - ; - ; - ; - ; - ; - ; - ; - ; - ; - ; - ; - ; - ; - ; - ; - ; - ; - ; - ; - ; - ; - ; - ; - ; - ; - ; - ; - ; - ; - ; - ; - ; - ; - ; - ; - ; - ; - ; - ; - ; - ; - ; - ; - ; - ; - ;100 000;99 977;99 959;99 943;99 929;99 916;99 905;99 895;99 884;99 874;99 864;99 852;99 839;99 821;99 794;99 744;99 626;99 243;99 259;99 276;99 292;99 308;99 323;99 338;99 353;99 367;99 381
18; - ; - ; - ; - ; - ; - ; - ; - ; - ; - ; - ; - ; - ; - ; - ; - ; - ; - ; - ; - ; - ; - ; - ; - ; - ; - ; - ; - ; - ; - ; - ; - ; - ; - ; - ; - ; - ; - ; - ; - ; - ; - ; - ; - ; - ; - ; - ; - ; - ; - ; - ; - ; - ; - ; - ; - ; - ; - ; - ; - ; - ; - ; - ; - ; - ; - ; - ; - ; - ; - ; - ; - ; - ; - ; - ; - ; - ; - ;100 000;99 973;99 951;99 933;99 918;99 905;99 893;99 882;99 872;99 862;99 852;99 842;99 831;99 818;99 801;99 774;99 725;99 607;99 224;99 242;99 258;99 275;99 291;99 307;99 322;99 337;99 352;99 366
19; - ; - ; - ; - ; - ; - ; - ; - ; - ; - ; - ; - ; - ; - ; - ; - ; - ; - ; - ; - ; - ; - ; - ; - ; - ; - ; - ; - ; - ; - ; - ; - ; - ; - ; - ; - ; - ; - ; - ; - ; - ; - ; - ; - ; - ; - ; - ; - ; - ; - ; - ; - ; - ; - ; - ; - ; - ; - ; - ; - ; - ; - ; - ; - ; - ; - ; - ; - ; - ; - ; - ; - ; - ; - ; - ; - ; - ;100 000;99 969;99 943;99 922;99 904;99 889;99 877;99 865;99 855;99 846;99 837;99 827;99 818;99 808;99 795;99 778;99 752;99 703;99 586;99 204;99 221;99 239;99 256;99 272;99 288;99 304;99 320;99 335;99 349
20; - ; - ; - ; - ; - ; - ; - ; - ; - ; - ; - ; - ; - ; - ; - ; - ; - ; - ; - ; - ; - ; - ; - ; - ; - ; - ; - ; - ; - ; - ; - ; - ; - ; - ; - ; - ; - ; - ; - ; - ; - ; - ; - ; - ; - ; - ; - ; - ; - ; - ; - ; - ; - ; - ; - ; - ; - ; - ; - ; - ; - ; - ; - ; - ; - ; - ; - ; - ; - ; - ; - ; - ; - ; - ; - ; - ;100 000;99 965;99 934;99 909;99 889;99 872;99 858;99 846;99 835;99 826;99 817;99 809;99 800;99 791;99 781;99 769;99 753;99 728;99 679;99 563;99 181;99 199;99 217;99 235;99 252;99 268;99 284;99 300;99 316;99 331
21; - ; - ; - ; - ; - ; - ; - ; - ; - ; - ; - ; - ; - ; - ; - ; - ; - ; - ; - ; - ; - ; - ; - ; - ; - ; - ; - ; - ; - ; - ; - ; - ; - ; - ; - ; - ; - ; - ; - ; - ; - ; - ; - ; - ; - ; - ; - ; - ; - ; - ; - ; - ; - ; - ; - ; - ; - ; - ; - ; - ; - ; - ; - ; - ; - ; - ; - ; - ; - ; - ; - ; - ; - ; - ; - ;100 000;99 963;99 928;99 899;99 875;99 855;99 839;99 826;99 814;99 805;99 796;99 788;99 780;99 772;99 764;99 755;99 743;99 728;99 703;99 655;99 539;99 158;99 177;99 195;99 213;99 230;99 247;99 264;99 281;99 297;99 312
22; - ; - ; - ; - ; - ; - ; - ; - ; - ; - ; - ; - ; - ; - ; - ; - ; - ; - ; - ; - ; - ; - ; - ; - ; - ; - ; - ; - ; - ; - ; - ; - ; - ; - ; - ; - ; - ; - ; - ; - ; - ; - ; - ; - ; - ; - ; - ; - ; - ; - ; - ; - ; - ; - ; - ; - ; - ; - ; - ; - ; - ; - ; - ; - ; - ; - ; - ; - ; - ; - ; - ; - ; - ; - ;100 000;99 963;99 926;99 893;99 864;99 841;99 822;99 806;99 794;99 783;99 774;99 766;99 759;99 752;99 744;99 737;99 728;99 718;99 703;99 678;99 631;99 516;99 135;99 154;99 173;99 192;99 210;99 227;99 244;99 261;99 278;99 294
23; - ; - ; - ; - ; - ; - ; - ; - ; - ; - ; - ; - ; - ; - ; - ; - ; - ; - ; - ; - ; - ; - ; - ; - ; - ; - ; - ; - ; - ; - ; - ; - ; - ; - ; - ; - ; - ; - ; - ; - ; - ; - ; - ; - ; - ; - ; - ; - ; - ; - ; - ; - ; - ; - ; - ; - ; - ; - ; - ; - ; - ; - ; - ; - ; - ; - ; - ; - ; - ; - ; - ; - ; - ;100 000;99 963;99 926;99 891;99 858;99 830;99 807;99 789;99 775;99 763;99 753;99 745;99 737;99 731;99 724;99 717;99 711;99 703;99 692;99 678;99 654;99 607;99 493;99 113;99 133;99 152;99 171;99 189;99 207;99 225;99 242;99 259;99 276
24; - ; - ; - ; - ; - ; - ; - ; - ; - ; - ; - ; - ; - ; - ; - ; - ; - ; - ; - ; - ; - ; - ; - ; - ; - ; - ; - ; - ; - ; - ; - ; - ; - ; - ; - ; - ; - ; - ; - ; - ; - ; - ; - ; - ; - ; - ; - ; - ; - ; - ; - ; - ; - ; - ; - ; - ; - ; - ; - ; - ; - ; - ; - ; - ; - ; - ; - ; - ; - ; - ; - ; - ;100 000;99 962;99 926;99 890;99 856;99 824;99 797;99 775;99 757;99 744;99 732;99 723;99 716;99 709;99 703;99 697;99 691;99 685;99 677;99 668;99 654;99 631;99 584;99 470;99 091;99 111;99 131;99 150;99 169;99 188;99 206;99 224;99 241;99 258
25; - ; - ; - ; - ; - ; - ; - ; - ; - ; - ; - ; - ; - ; - ; - ; - ; - ; - ; - ; - ; - ; - ; - ; - ; - ; - ; - ; - ; - ; - ; - ; - ; - ; - ; - ; - ; - ; - ; - ; - ; - ; - ; - ; - ; - ; - ; - ; - ; - ; - ; - ; - ; - ; - ; - ; - ; - ; - ; - ; - ; - ; - ; - ; - ; - ; - ; - ; - ; - ; - ; - ;100 000;99 962;99 925;99 890;99 855;99 821;99 790;99 764;99 742;99 726;99 713;99 702;99 694;99 687;99 681;99 675;99 670;99 665;99 659;99 652;99 643;99 630;99 607;99 562;99 448;99 069;99 090;99 110;99 130;99 150;99 169;99 187;99 205;99 223;99 240
26; - ; - ; - ; - ; - ; - ; - ; - ; - ; - ; - ; - ; - ; - ; - ; - ; - ; - ; - ; - ; - ; - ; - ; - ; - ; - ; - ; - ; - ; - ; - ; - ; - ; - ; - ; - ; - ; - ; - ; - ; - ; - ; - ; - ; - ; - ; - ; - ; - ; - ; - ; - ; - ; - ; - ; - ; - ; - ; - ; - ; - ; - ; - ; - ; - ; - ; - ; - ; - ; - ;100 000;99 962;99 924;99 889;99 854;99 820;99 787;99 757;99 731;99 711;99 695;99 682;99 673;99 665;99 659;99 653;99 648;99 644;99 639;99 634;99 628;99 619;99 607;99 584;99 539;99 426;99 048;99 069;99 090;99 110;99 130;99 150;99 169;99 187;99 205;99 223
27; - ; - ; - ; - ; - ; - ; - ; - ; - ; - ; - ; - ; - ; - ; - ; - ; - ; - ; - ; - ; - ; - ; - ; - ; - ; - ; - ; - ; - ; - ; - ; - ; - ; - ; - ; - ; - ; - ; - ; - ; - ; - ; - ; - ; - ; - ; - ; - ; - ; - ; - ; - ; - ; - ; - ; - ; - ; - ; - ; - ; - ; - ; - ; - ; - ; - ; - ; - ; - ;100 000;99 961;99 923;99 887;99 852;99 818;99 785;99 753;99 723;99 699;99 679;99 664;99 652;99 643;99 636;99 631;99 626;99 621;99 617;99 613;99 609;99 603;99 595;99 583;99 562;99 517;99 405;99 027;99 049;99 070;99 091;99 111;99 131;99 150;99 169;99 188;99 206
28; - ; - ; - ; - ; - ; - ; - ; - ; - ; - ; - ; - ; - ; - ; - ; - ; - ; - ; - ; - ; - ; - ; - ; - ; - ; - ; - ; - ; - ; - ; - ; - ; - ; - ; - ; - ; - ; - ; - ; - ; - ; - ; - ; - ; - ; - ; - ; - ; - ; - ; - ; - ; - ; - ; - ; - ; - ; - ; - ; - ; - ; - ; - ; - ; - ; - ; - ; - ;100 000;99 960;99 922;99 886;99 850;99 816;99 783;99 751;99 719;99 691;99 667;99 648;99 633;99 622;99 614;99 608;99 603;99 598;99 595;99 591;99 588;99 584;99 579;99 572;99 560;99 539;99 495;99 383;99 006;99 028;99 050;99 071;99 092;99 112;99 132;99 151;99 170;99 189
29; - ; - ; - ; - ; - ; - ; - ; - ; - ; - ; - ; - ; - ; - ; - ; - ; - ; - ; - ; - ; - ; - ; - ; - ; - ; - ; - ; - ; - ; - ; - ; - ; - ; - ; - ; - ; - ; - ; - ; - ; - ; - ; - ; - ; - ; - ; - ; - ; - ; - ; - ; - ; - ; - ; - ; - ; - ; - ; - ; - ; - ; - ; - ; - ; - ; - ; - ;100 000;99 959;99 921;99 884;99 848;99 813;99 780;99 748;99 716;99 686;99 658;99 635;99 616;99 603;99 592;99 585;99 579;99 575;99 571;99 568;99 565;99 563;99 559;99 555;99 548;99 537;99 516;99 473;99 361;98 985;99 008;99 030;99 051;99 073;99 093;99 114;99 133;99 153;99 172
30; - ; - ; - ; - ; - ; - ; - ; - ; - ; - ; - ; - ; - ; - ; - ; - ; - ; - ; - ; - ; - ; - ; - ; - ; - ; - ; - ; - ; - ; - ; - ; - ; - ; - ; - ; - ; - ; - ; - ; - ; - ; - ; - ; - ; - ; - ; - ; - ; - ; - ; - ; - ; - ; - ; - ; - ; - ; - ; - ; - ; - ; - ; - ; - ; - ; - ;100 000;99 958;99 919;99 881;99 845;99 810;99 776;99 744;99 713;99 682;99 652;99 625;99 602;99 585;99 572;99 563;99 556;99 551;99 547;99 544;99 542;99 539;99 537;99 534;99 530;99 524;99 514;99 494;99 451;99 340;98 964;98 987;99 010;99 032;99 053;99 075;99 095;99 115;99 135;99 155
31; - ; - ; - ; - ; - ; - ; - ; - ; - ; - ; - ; - ; - ; - ; - ; - ; - ; - ; - ; - ; - ; - ; - ; - ; - ; - ; - ; - ; - ; - ; - ; - ; - ; - ; - ; - ; - ; - ; - ; - ; - ; - ; - ; - ; - ; - ; - ; - ; - ; - ; - ; - ; - ; - ; - ; - ; - ; - ; - ; - ; - ; - ; - ; - ; - ;100 000;99 957;99 917;99 878;99 841;99 806;99 772;99 739;99 708;99 677;99 647;99 618;99 592;99 570;99 553;99 541;99 532;99 526;99 522;99 519;99 517;99 515;99 513;99 512;99 509;99 506;99 500;99 490;99 471;99 428;99 318;98 943;98 966;98 990;99 012;99 034;99 056;99 077;99 097;99 118;99 137
32; - ; - ; - ; - ; - ; - ; - ; - ; - ; - ; - ; - ; - ; - ; - ; - ; - ; - ; - ; - ; - ; - ; - ; - ; - ; - ; - ; - ; - ; - ; - ; - ; - ; - ; - ; - ; - ; - ; - ; - ; - ; - ; - ; - ; - ; - ; - ; - ; - ; - ; - ; - ; - ; - ; - ; - ; - ; - ; - ; - ; - ; - ; - ; - ;100 000;99 956;99 914;99 874;99 837;99 801;99 767;99 734;99 702;99 671;99 641;99 612;99 584;99 559;99 538;99 522;99 510;99 502;99 497;99 493;99 490;99 489;99 488;99 487;99 486;99 484;99 481;99 476;99 467;99 448;99 406;99 296;98 921;98 946;98 969;98 992;99 015;99 037;99 058;99 079;99 100;99 120
33; - ; - ; - ; - ; - ; - ; - ; - ; - ; - ; - ; - ; - ; - ; - ; - ; - ; - ; - ; - ; - ; - ; - ; - ; - ; - ; - ; - ; - ; - ; - ; - ; - ; - ; - ; - ; - ; - ; - ; - ; - ; - ; - ; - ; - ; - ; - ; - ; - ; - ; - ; - ; - ; - ; - ; - ; - ; - ; - ; - ; - ; - ; - ;100 000;99 954;99 911;99 870;99 832;99 795;99 760;99 727;99 695;99 664;99 634;99 605;99 577;99 549;99 525;99 504;99 489;99 478;99 471;99 466;99 463;99 462;99 461;99 460;99 460;99 459;99 458;99 456;99 452;99 443;99 424;99 383;99 274;98 900;98 924;98 948;98 972;98 995;99 017;99 039;99 061;99 082;99 102
34; - ; - ; - ; - ; - ; - ; - ; - ; - ; - ; - ; - ; - ; - ; - ; - ; - ; - ; - ; - ; - ; - ; - ; - ; - ; - ; - ; - ; - ; - ; - ; - ; - ; - ; - ; - ; - ; - ; - ; - ; - ; - ; - ; - ; - ; - ; - ; - ; - ; - ; - ; - ; - ; - ; - ; - ; - ; - ; - ; - ; - ; - ;100 000;99 952;99 907;99 865;99 825;99 788;99 752;99 718;99 686;99 655;99 625;99 596;99 568;99 541;99 514;99 490;99 471;99 456;99 446;99 440;99 436;99 433;99 432;99 432;99 432;99 432;99 433;99 432;99 431;99 427;99 418;99 401;99 360;99 251;98 878;98 903;98 927;98 951;98 975;98 998;99 020;99 042;99 063;99 084
35; - ; - ; - ; - ; - ; - ; - ; - ; - ; - ; - ; - ; - ; - ; - ; - ; - ; - ; - ; - ; - ; - ; - ; - ; - ; - ; - ; - ; - ; - ; - ; - ; - ; - ; - ; - ; - ; - ; - ; - ; - ; - ; - ; - ; - ; - ; - ; - ; - ; - ; - ; - ; - ; - ; - ; - ; - ; - ; - ; - ; - ;100 000;99 950;99 903;99 859;99 818;99 779;99 743;99 708;99 676;99 644;99 614;99 585;99 557;99 530;99 503;99 478;99 455;99 436;99 422;99 413;99 407;99 404;99 402;99 402;99 402;99 403;99 404;99 405;99 405;99 404;99 401;99 393;99 376;99 336;99 228;98 855;98 881;98 906;98 930;98 954;98 977;99 000;99 023;99 044;99 066
36; - ; - ; - ; - ; - ; - ; - ; - ; - ; - ; - ; - ; - ; - ; - ; - ; - ; - ; - ; - ; - ; - ; - ; - ; - ; - ; - ; - ; - ; - ; - ; - ; - ; - ; - ; - ; - ; - ; - ; - ; - ; - ; - ; - ; - ; - ; - ; - ; - ; - ; - ; - ; - ; - ; - ; - ; - ; - ; - ; - ;100 000;99 947;99 897;99 852;99 809;99 769;99 732;99 697;99 663;99 631;99 601;99 572;99 544;99 517;99 490;99 465;99 440;99 418;99 400;99 387;99 379;99 374;99 371;99 370;99 371;99 372;99 374;99 375;99 377;99 378;99 377;99 375;99 367;99 351;99 311;99 204;98 831;98 858;98 883;98 908;98 932;98 956;98 980;99 003;99 025;99 047
37; - ; - ; - ; - ; - ; - ; - ; - ; - ; - ; - ; - ; - ; - ; - ; - ; - ; - ; - ; - ; - ; - ; - ; - ; - ; - ; - ; - ; - ; - ; - ; - ; - ; - ; - ; - ; - ; - ; - ; - ; - ; - ; - ; - ; - ; - ; - ; - ; - ; - ; - ; - ; - ; - ; - ; - ; - ; - ; - ;100 000;99 943;99 891;99 843;99 799;99 757;99 719;99 683;99 648;99 616;99 585;99 556;99 528;99 501;99 475;99 449;99 425;99 401;99 380;99 363;99 351;99 343;99 339;99 337;99 337;99 338;99 340;99 343;99 345;99 347;99 349;99 349;99 347;99 340;99 324;99 285;99 178;98 807;98 834;98 860;98 885;98 910;98 935;98 958;98 982;99 004;99 027
38; - ; - ; - ; - ; - ; - ; - ; - ; - ; - ; - ; - ; - ; - ; - ; - ; - ; - ; - ; - ; - ; - ; - ; - ; - ; - ; - ; - ; - ; - ; - ; - ; - ; - ; - ; - ; - ; - ; - ; - ; - ; - ; - ; - ; - ; - ; - ; - ; - ; - ; - ; - ; - ; - ; - ; - ; - ; - ;100 000;99 939;99 884;99 833;99 786;99 743;99 703;99 666;99 631;99 598;99 567;99 537;99 509;99 482;99 456;99 431;99 407;99 383;99 360;99 340;99 324;99 313;99 306;99 303;99 302;99 303;99 304;99 307;99 310;99 313;99 316;99 318;99 319;99 318;99 312;99 297;99 258;99 152;98 781;98 809;98 835;98 861;98 887;98 912;98 936;98 960;98 983;99 006
39; - ; - ; - ; - ; - ; - ; - ; - ; - ; - ; - ; - ; - ; - ; - ; - ; - ; - ; - ; - ; - ; - ; - ; - ; - ; - ; - ; - ; - ; - ; - ; - ; - ; - ; - ; - ; - ; - ; - ; - ; - ; - ; - ; - ; - ; - ; - ; - ; - ; - ; - ; - ; - ; - ; - ; - ; - ;100 000;99 934;99 875;99 821;99 772;99 727;99 685;99 646;99 610;99 577;99 545;99 515;99 487;99 459;99 434;99 409;99 385;99 362;99 339;99 317;99 298;99 283;99 273;99 267;99 264;99 264;99 266;99 269;99 272;99 276;99 280;99 284;99 287;99 288;99 288;99 283;99 268;99 230;99 124;98 754;98 782;98 809;98 836;98 862;98 888;98 913;98 937;98 961;98 984
40; - ; - ; - ; - ; - ; - ; - ; - ; - ; - ; - ; - ; - ; - ; - ; - ; - ; - ; - ; - ; - ; - ; - ; - ; - ; - ; - ; - ; - ; - ; - ; - ; - ; - ; - ; - ; - ; - ; - ; - ; - ; - ; - ; - ; - ; - ; - ; - ; - ; - ; - ; - ; - ; - ; - ; - ;100 000;99 929;99 865;99 807;99 755;99 707;99 663;99 623;99 586;99 551;99 519;99 488;99 460;99 433;99 407;99 382;99 358;99 336;99 314;99 292;99 271;99 253;99 239;99 230;99 225;99 224;99 224;99 227;99 231;99 235;99 240;99 244;99 249;99 253;99 255;99 255;99 251;99 237;99 200;99 095;98 726;98 754;98 782;98 809;98 836;98 862;98 888;98 912;98 937;98 961
41; - ; - ; - ; - ; - ; - ; - ; - ; - ; - ; - ; - ; - ; - ; - ; - ; - ; - ; - ; - ; - ; - ; - ; - ; - ; - ; - ; - ; - ; - ; - ; - ; - ; - ; - ; - ; - ; - ; - ; - ; - ; - ; - ; - ; - ; - ; - ; - ; - ; - ; - ; - ; - ; - ; - ;100 000;99 922;99 852;99 790;99 734;99 683;99 637;99 595;99 557;99 521;99 488;99 457;99 428;99 401;99 375;99 350;99 327;99 305;99 283;99 262;99 242;99 222;99 205;99 192;99 184;99 180;99 180;99 182;99 185;99 190;99 195;99 201;99 206;99 212;99 216;99 220;99 221;99 217;99 204;99 167;99 063;98 695;98 724;98 753;98 781;98 808;98 835;98 861;98 886;98 911;98 936
42; - ; - ; - ; - ; - ; - ; - ; - ; - ; - ; - ; - ; - ; - ; - ; - ; - ; - ; - ; - ; - ; - ; - ; - ; - ; - ; - ; - ; - ; - ; - ; - ; - ; - ; - ; - ; - ; - ; - ; - ; - ; - ; - ; - ; - ; - ; - ; - ; - ; - ; - ; - ; - ; - ;100 000;99 913;99 837;99 770;99 709;99 655;99 606;99 562;99 522;99 485;99 451;99 419;99 390;99 363;99 337;99 313;99 290;99 268;99 246;99 226;99 207;99 188;99 169;99 153;99 142;99 135;99 132;99 133;99 136;99 140;99 146;99 152;99 159;99 165;99 171;99 177;99 181;99 183;99 180;99 168;99 132;99 029;98 662;98 692;98 721;98 750;98 778;98 805;98 832;98 858;98 883;98 908
43; - ; - ; - ; - ; - ; - ; - ; - ; - ; - ; - ; - ; - ; - ; - ; - ; - ; - ; - ; - ; - ; - ; - ; - ; - ; - ; - ; - ; - ; - ; - ; - ; - ; - ; - ; - ; - ; - ; - ; - ; - ; - ; - ; - ; - ; - ; - ; - ; - ; - ; - ; - ; - ;100 000;99 903;99 819;99 745;99 680;99 621;99 569;99 523;99 480;99 442;99 407;99 375;99 345;99 317;99 291;99 267;99 245;99 223;99 203;99 183;99 164;99 146;99 129;99 112;99 097;99 087;99 081;99 079;99 081;99 085;99 091;99 098;99 105;99 113;99 120;99 128;99 134;99 139;99 142;99 140;99 129;99 094;98 992;98 625;98 656;98 686;98 716;98 744;98 773;98 800;98 827;98 853;98 879
44; - ; - ; - ; - ; - ; - ; - ; - ; - ; - ; - ; - ; - ; - ; - ; - ; - ; - ; - ; - ; - ; - ; - ; - ; - ; - ; - ; - ; - ; - ; - ; - ; - ; - ; - ; - ; - ; - ; - ; - ; - ; - ; - ; - ; - ; - ; - ; - ; - ; - ; - ; - ;100 000;99 890;99 796;99 714;99 643;99 580;99 524;99 474;99 429;99 389;99 353;99 320;99 290;99 262;99 236;99 212;99 190;99 169;99 149;99 130;99 113;99 095;99 079;99 063;99 047;99 034;99 025;99 021;99 021;99 024;99 029;99 036;99 044;99 053;99 062;99 070;99 079;99 086;99 093;99 097;99 096;99 085;99 052;98 950;98 585;98 617;98 648;98 678;98 707;98 736;98 765;98 792;98 819;98 846
45; - ; - ; - ; - ; - ; - ; - ; - ; - ; - ; - ; - ; - ; - ; - ; - ; - ; - ; - ; - ; - ; - ; - ; - ; - ; - ; - ; - ; - ; - ; - ; - ; - ; - ; - ; - ; - ; - ; - ; - ; - ; - ; - ; - ; - ; - ; - ; - ; - ; - ; - ;100 000;99 879;99 772;99 681;99 602;99 533;99 473;99 419;99 372;99 330;99 292;99 258;99 227;99 199;99 173;99 149;99 127;99 107;99 088;99 070;99 053;99 037;99 022;99 007;98 992;98 979;98 967;98 959;98 957;98 958;98 963;98 969;98 978;98 987;98 997;99 007;99 017;99 026;99 035;99 043;99 048;99 048;99 039;99 006;98 906;98 542;98 574;98 606;98 637;98 668;98 698;98 727;98 755;98 783;98 811
46; - ; - ; - ; - ; - ; - ; - ; - ; - ; - ; - ; - ; - ; - ; - ; - ; - ; - ; - ; - ; - ; - ; - ; - ; - ; - ; - ; - ; - ; - ; - ; - ; - ; - ; - ; - ; - ; - ; - ; - ; - ; - ; - ; - ; - ; - ; - ; - ; - ; - ;100 000;99 868;99 751;99 647;99 558;99 482;99 416;99 358;99 308;99 263;99 223;99 188;99 156;99 128;99 102;99 078;99 057;99 037;99 019;99 002;98 986;98 971;98 957;98 943;98 930;98 917;98 905;98 895;98 889;98 888;98 891;98 897;98 906;98 915;98 926;98 937;98 949;98 960;98 971;98 981;98 990;98 996;98 997;98 989;98 958;98 859;98 496;98 529;98 562;98 594;98 626;98 657;98 687;98 716;98 745;98 773
47; - ; - ; - ; - ; - ; - ; - ; - ; - ; - ; - ; - ; - ; - ; - ; - ; - ; - ; - ; - ; - ; - ; - ; - ; - ; - ; - ; - ; - ; - ; - ; - ; - ; - ; - ; - ; - ; - ; - ; - ; - ; - ; - ; - ; - ; - ; - ; - ; - ;100 000;99 851;99 723;99 609;99 508;99 423;99 350;99 287;99 232;99 185;99 143;99 106;99 073;99 044;99 018;98 995;98 974;98 955;98 937;98 921;98 907;98 893;98 880;98 868;98 856;98 845;98 834;98 824;98 816;98 812;98 813;98 817;98 825;98 835;98 846;98 859;98 871;98 884;98 897;98 909;98 921;98 931;98 938;98 941;98 934;98 904;98 806;98 445;98 479;98 514;98 547;98 579;98 611;98 642;98 673;98 702;98 732
48; - ; - ; - ; - ; - ; - ; - ; - ; - ; - ; - ; - ; - ; - ; - ; - ; - ; - ; - ; - ; - ; - ; - ; - ; - ; - ; - ; - ; - ; - ; - ; - ; - ; - ; - ; - ; - ; - ; - ; - ; - ; - ; - ; - ; - ; - ; - ; - ;100 000;99 832;99 687;99 563;99 453;99 356;99 274;99 205;99 145;99 094;99 049;99 010;98 976;98 947;98 921;98 897;98 877;98 859;98 842;98 827;98 814;98 801;98 790;98 780;98 770;98 760;98 751;98 743;98 735;98 729;98 727;98 729;98 736;98 745;98 757;98 770;98 784;98 798;98 813;98 827;98 841;98 854;98 866;98 875;98 879;98 874;98 845;98 748;98 388;98 424;98 460;98 494;98 528;98 561;98 593;98 625;98 655;98 685
49; - ; - ; - ; - ; - ; - ; - ; - ; - ; - ; - ; - ; - ; - ; - ; - ; - ; - ; - ; - ; - ; - ; - ; - ; - ; - ; - ; - ; - ; - ; - ; - ; - ; - ; - ; - ; - ; - ; - ; - ; - ; - ; - ; - ; - ; - ; - ;100 000;99 818;99 655;99 514;99 394;99 288;99 195;99 117;99 051;98 995;98 947;98 906;98 870;98 840;98 813;98 790;98 770;98 752;98 737;98 723;98 711;98 700;98 691;98 682;98 674;98 666;98 659;98 653;98 646;98 640;98 636;98 636;98 641;98 650;98 661;98 675;98 690;98 705;98 722;98 738;98 754;98 770;98 784;98 797;98 808;98 814;98 810;98 782;98 687;98 329;98 366;98 403;98 439;98 474;98 508;98 541;98 574;98 606;98 637
50; - ; - ; - ; - ; - ; - ; - ; - ; - ; - ; - ; - ; - ; - ; - ; - ; - ; - ; - ; - ; - ; - ; - ; - ; - ; - ; - ; - ; - ; - ; - ; - ; - ; - ; - ; - ; - ; - ; - ; - ; - ; - ; - ; - ; - ; - ;100 000;99 805;99 628;99 469;99 333;99 217;99 115;99 026;98 952;98 890;98 838;98 794;98 756;98 724;98 697;98 673;98 654;98 637;98 622;98 610;98 599;98 590;98 582;98 574;98 568;98 563;98 558;98 553;98 549;98 545;98 542;98 540;98 542;98 549;98 560;98 573;98 589;98 606;98 623;98 641;98 660;98 677;98 695;98 711;98 726;98 738;98 745;98 743;98 717;98 624;98 267;98 306;98 344;98 381;98 417;98 452;98 487;98 521;98 554;98 587
51; - ; - ; - ; - ; - ; - ; - ; - ; - ; - ; - ; - ; - ; - ; - ; - ; - ; - ; - ; - ; - ; - ; - ; - ; - ; - ; - ; - ; - ; - ; - ; - ; - ; - ; - ; - ; - ; - ; - ; - ; - ; - ; - ; - ; - ;100 000;99 795;99 604;99 432;99 278;99 147;99 036;98 938;98 853;98 784;98 726;98 677;98 637;98 603;98 574;98 551;98 531;98 514;98 500;98 489;98 480;98 472;98 466;98 460;98 456;98 453;98 450;98 448;98 446;98 444;98 442;98 441;98 442;98 446;98 455;98 468;98 484;98 501;98 520;98 540;98 560;98 580;98 600;98 619;98 637;98 653;98 667;98 676;98 675;98 651;98 559;98 204;98 244;98 284;98 322;98 360;98 396;98 432;98 467;98 502;98 535
52; - ; - ; - ; - ; - ; - ; - ; - ; - ; - ; - ; - ; - ; - ; - ; - ; - ; - ; - ; - ; - ; - ; - ; - ; - ; - ; - ; - ; - ; - ; - ; - ; - ; - ; - ; - ; - ; - ; - ; - ; - ; - ; - ; - ;100 000;99 768;99 569;99 384;99 218;99 069;98 942;98 836;98 743;98 663;98 598;98 544;98 500;98 464;98 434;98 409;98 389;98 373;98 360;98 350;98 342;98 336;98 332;98 329;98 327;98 325;98 325;98 325;98 326;98 326;98 328;98 329;98 330;98 333;98 340;98 352;98 367;98 385;98 405;98 426;98 448;98 470;98 492;98 513;98 534;98 554;98 573;98 588;98 599;98 600;98 578;98 488;98 134;98 176;98 217;98 257;98 296;98 334;98 372;98 408;98 444;98 479
53; - ; - ; - ; - ; - ; - ; - ; - ; - ; - ; - ; - ; - ; - ; - ; - ; - ; - ; - ; - ; - ; - ; - ; - ; - ; - ; - ; - ; - ; - ; - ; - ; - ; - ; - ; - ; - ; - ; - ; - ; - ; - ; - ;100 000;99 744;99 518;99 325;99 146;98 986;98 842;98 722;98 620;98 533;98 458;98 397;98 348;98 309;98 277;98 251;98 231;98 215;98 203;98 194;98 188;98 183;98 181;98 180;98 181;98 182;98 184;98 187;98 190;98 194;98 198;98 202;98 206;98 210;98 216;98 225;98 239;98 257;98 278;98 300;98 323;98 348;98 372;98 396;98 420;98 443;98 465;98 486;98 503;98 516;98 519;98 498;98 410;98 059;98 102;98 145;98 186;98 227;98 267;98 306;98 344;98 381;98 417
54; - ; - ; - ; - ; - ; - ; - ; - ; - ; - ; - ; - ; - ; - ; - ; - ; - ; - ; - ; - ; - ; - ; - ; - ; - ; - ; - ; - ; - ; - ; - ; - ; - ; - ; - ; - ; - ; - ; - ; - ; - ; - ;100 000;99 711;99 462;99 244;99 058;98 886;98 731;98 594;98 479;98 384;98 302;98 232;98 177;98 133;98 098;98 071;98 050;98 035;98 024;98 016;98 011;98 009;98 009;98 010;98 013;98 018;98 023;98 028;98 035;98 041;98 048;98 056;98 063;98 070;98 077;98 086;98 099;98 116;98 136;98 159;98 184;98 210;98 237;98 264;98 291;98 317;98 342;98 367;98 389;98 409;98 424;98 429;98 410;98 324;97 975;98 021;98 065;98 108;98 151;98 192;98 233;98 272;98 311;98 349
55; - ; - ; - ; - ; - ; - ; - ; - ; - ; - ; - ; - ; - ; - ; - ; - ; - ; - ; - ; - ; - ; - ; - ; - ; - ; - ; - ; - ; - ; - ; - ; - ; - ; - ; - ; - ; - ; - ; - ; - ; - ;100 000;99 664;99 384;99 143;98 933;98 754;98 589;98 442;98 312;98 203;98 114;98 038;97 975;97 926;97 888;97 859;97 837;97 821;97 811;97 805;97 802;97 802;97 805;97 809;97 815;97 822;97 831;97 840;97 850;97 860;97 871;97 882;97 893;97 904;97 914;97 925;97 937;97 953;97 973;97 997;98 023;98 051;98 080;98 110;98 140;98 169;98 198;98 226;98 253;98 278;98 301;98 318;98 325;98 309;98 225;97 879;97 926;97 973;98 018;98 063;98 106;98 148;98 190;98 231;98 270
56; - ; - ; - ; - ; - ; - ; - ; - ; - ; - ; - ; - ; - ; - ; - ; - ; - ; - ; - ; - ; - ; - ; - ; - ; - ; - ; - ; - ; - ; - ; - ; - ; - ; - ; - ; - ; - ; - ; - ; - ;100 000;99 608;99 282;99 012;98 780;98 578;98 408;98 251;98 112;97 990;97 889;97 807;97 738;97 682;97 639;97 607;97 585;97 569;97 560;97 555;97 554;97 557;97 563;97 570;97 580;97 591;97 603;97 617;97 631;97 645;97 660;97 675;97 690;97 705;97 720;97 735;97 750;97 766;97 786;97 810;97 837;97 867;97 898;97 930;97 963;97 996;98 029;98 061;98 092;98 122;98 150;98 175;98 195;98 205;98 192;98 111;97 767;97 817;97 866;97 913;97 960;98 006;98 050;98 094;98 137;98 178
57; - ; - ; - ; - ; - ; - ; - ; - ; - ; - ; - ; - ; - ; - ; - ; - ; - ; - ; - ; - ; - ; - ; - ; - ; - ; - ; - ; - ; - ; - ; - ; - ; - ; - ; - ; - ; - ; - ; - ;100 000;99 570;99 190;98 874;98 614;98 392;98 199;98 038;97 890;97 759;97 645;97 552;97 478;97 417;97 368;97 332;97 307;97 291;97 282;97 279;97 281;97 286;97 295;97 306;97 320;97 335;97 351;97 369;97 387;97 406;97 426;97 445;97 465;97 485;97 505;97 524;97 543;97 562;97 582;97 606;97 634;97 665;97 698;97 734;97 770;97 806;97 842;97 878;97 913;97 948;97 981;98 012;98 040;98 063;98 076;98 065;97 987;97 647;97 699;97 751;97 801;97 850;97 898;97 945;97 991;98 036;98 080
58; - ; - ; - ; - ; - ; - ; - ; - ; - ; - ; - ; - ; - ; - ; - ; - ; - ; - ; - ; - ; - ; - ; - ; - ; - ; - ; - ; - ; - ; - ; - ; - ; - ; - ; - ; - ; - ; - ;100 000;99 526;99 108;98 740;98 436;98 186;97 974;97 792;97 640;97 502;97 380;97 274;97 190;97 124;97 071;97 029;97 002;96 984;96 975;96 973;96 977;96 985;96 997;97 012;97 030;97 049;97 070;97 093;97 116;97 140;97 164;97 189;97 214;97 239;97 263;97 288;97 312;97 336;97 359;97 384;97 412;97 444;97 479;97 517;97 556;97 596;97 636;97 676;97 715;97 754;97 792;97 828;97 863;97 894;97 920;97 936;97 929;97 854;97 517;97 572;97 626;97 679;97 731;97 782;97 831;97 880;97 927;97 973
59; - ; - ; - ; - ; - ; - ; - ; - ; - ; - ; - ; - ; - ; - ; - ; - ; - ; - ; - ; - ; - ; - ; - ; - ; - ; - ; - ; - ; - ; - ; - ; - ; - ; - ; - ; - ; - ;100 000;99 486;99 026;98 621;98 265;97 973;97 735;97 534;97 362;97 221;97 092;96 980;96 883;96 808;96 751;96 706;96 673;96 653;96 643;96 642;96 647;96 658;96 673;96 692;96 714;96 738;96 764;96 791;96 820;96 849;96 879;96 909;96 939;96 969;97 000;97 029;97 059;97 088;97 117;97 145;97 174;97 207;97 244;97 283;97 325;97 368;97 412;97 456;97 500;97 544;97 586;97 628;97 668;97 706;97 740;97 770;97 789;97 785;97 713;97 380;97 438;97 495;97 551;97 606;97 659;97 711;97 762;97 812;97 861
60; - ; - ; - ; - ; - ; - ; - ; - ; - ; - ; - ; - ; - ; - ; - ; - ; - ; - ; - ; - ; - ; - ; - ; - ; - ; - ; - ; - ; - ; - ; - ; - ; - ; - ; - ; - ;100 000;99 475;98 976;98 529;98 138;97 794;97 514;97 287;97 097;96 936;96 805;96 686;96 583;96 496;96 430;96 382;96 345;96 320;96 308;96 306;96 312;96 325;96 343;96 365;96 391;96 420;96 450;96 482;96 516;96 551;96 586;96 621;96 657;96 693;96 729;96 764;96 800;96 834;96 868;96 902;96 935;96 969;97 006;97 047;97 091;97 137;97 184;97 232;97 281;97 328;97 375;97 422;97 467;97 510;97 552;97 590;97 623;97 645;97 645;97 576;97 246;97 308;97 367;97 426;97 483;97 539;97 594;97 648;97 700;97 751
61; - ; - ; - ; - ; - ; - ; - ; - ; - ; - ; - ; - ; - ; - ; - ; - ; - ; - ; - ; - ; - ; - ; - ; - ; - ; - ; - ; - ; - ; - ; - ; - ; - ; - ; - ;100 000;99 450;98 941;98 456;98 023;97 646;97 315;97 047;96 832;96 653;96 502;96 381;96 273;96 180;96 102;96 045;96 006;95 978;95 961;95 957;95 964;95 977;95 998;96 023;96 053;96 085;96 120;96 158;96 197;96 237;96 277;96 319;96 360;96 402;96 443;96 485;96 526;96 566;96 606;96 645;96 684;96 722;96 761;96 802;96 848;96 896;96 947;96 998;97 050;97 102;97 154;97 205;97 255;97 304;97 351;97 396;97 438;97 474;97 500;97 503;97 437;97 111;97 175;97 238;97 300;97 360;97 418;97 476;97 532;97 587;97 641
62; - ; - ; - ; - ; - ; - ; - ; - ; - ; - ; - ; - ; - ; - ; - ; - ; - ; - ; - ; - ; - ; - ; - ; - ; - ; - ; - ; - ; - ; - ; - ; - ; - ; - ;100 000;99 409;98 876;98 383;97 913;97 495;97 131;96 814;96 559;96 356;96 188;96 049;95 939;95 841;95 758;95 691;95 643;95 613;95 594;95 586;95 591;95 606;95 628;95 656;95 689;95 726;95 766;95 808;95 852;95 898;95 945;95 992;96 040;96 088;96 135;96 183;96 230;96 277;96 323;96 368;96 413;96 456;96 499;96 543;96 590;96 640;96 693;96 748;96 804;96 860;96 917;96 973;97 028;97 082;97 134;97 185;97 234;97 279;97 319;97 349;97 354;97 293;96 970;97 038;97 104;97 168;97 231;97 292;97 353;97 412;97 469;97 526
63; - ; - ; - ; - ; - ; - ; - ; - ; - ; - ; - ; - ; - ; - ; - ; - ; - ; - ; - ; - ; - ; - ; - ; - ; - ; - ; - ; - ; - ; - ; - ; - ; - ;100 000;99 370;98 798;98 282;97 805;97 351;96 948;96 599;96 296;96 053;95 863;95 708;95 580;95 481;95 394;95 322;95 265;95 227;95 207;95 197;95 199;95 212;95 235;95 266;95 302;95 343;95 388;95 436;95 485;95 537;95 590;95 643;95 697;95 752;95 806;95 860;95 914;95 967;96 019;96 071;96 122;96 172;96 222;96 270;96 319;96 371;96 426;96 483;96 543;96 604;96 665;96 725;96 785;96 845;96 903;96 960;97 014;97 067;97 116;97 159;97 193;97 202;97 144;96 825;96 896;96 965;97 032;97 098;97 163;97 226;97 288;97 348;97 407
64; - ; - ; - ; - ; - ; - ; - ; - ; - ; - ; - ; - ; - ; - ; - ; - ; - ; - ; - ; - ; - ; - ; - ; - ; - ; - ; - ; - ; - ; - ; - ; - ;100 000;99 318;98 708;98 154;97 656;97 197;96 760;96 373;96 039;95 750;95 522;95 345;95 202;95 087;95 000;94 924;94 863;94 817;94 790;94 779;94 780;94 791;94 814;94 846;94 885;94 930;94 979;95 032;95 088;95 146;95 205;95 265;95 326;95 387;95 448;95 509;95 570;95 630;95 690;95 749;95 807;95 864;95 920;95 974;96 028;96 083;96 140;96 200;96 263;96 327;96 393;96 459;96 524;96 589;96 652;96 715;96 776;96 835;96 891;96 944;96 992;97 028;97 042;96 987;96 673;96 747;96 819;96 890;96 959;97 027;97 093;97 158;97 221;97 283
65; - ; - ; - ; - ; - ; - ; - ; - ; - ; - ; - ; - ; - ; - ; - ; - ; - ; - ; - ; - ; - ; - ; - ; - ; - ; - ; - ; - ; - ; - ; - ;100 000;99 227;98 568;97 980;97 446;96 968;96 527;96 109;95 739;95 422;95 148;94 935;94 772;94 644;94 542;94 468;94 405;94 356;94 321;94 306;94 306;94 318;94 339;94 372;94 414;94 463;94 517;94 576;94 638;94 702;94 769;94 836;94 905;94 973;95 042;95 111;95 180;95 248;95 315;95 382;95 448;95 512;95 576;95 638;95 699;95 759;95 819;95 882;95 948;96 017;96 087;96 158;96 229;96 299;96 369;96 437;96 504;96 570;96 634;96 695;96 752;96 804;96 845;96 862;96 812;96 502;96 580;96 656;96 730;96 803;96 874;96 944;97 012;97 078;97 144
66; - ; - ; - ; - ; - ; - ; - ; - ; - ; - ; - ; - ; - ; - ; - ; - ; - ; - ; - ; - ; - ; - ; - ; - ; - ; - ; - ; - ; - ; - ;100 000;99 145;98 399;97 763;97 198;96 687;96 229;95 808;95 409;95 058;94 758;94 502;94 305;94 158;94 044;93 956;93 896;93 846;93 810;93 788;93 785;93 797;93 820;93 852;93 897;93 949;94 009;94 073;94 141;94 213;94 287;94 362;94 439;94 516;94 593;94 671;94 748;94 824;94 900;94 975;95 049;95 122;95 194;95 265;95 334;95 402;95 468;95 535;95 604;95 677;95 751;95 827;95 903;95 980;96 056;96 131;96 205;96 277;96 348;96 416;96 482;96 544;96 601;96 646;96 668;96 623;96 318;96 399;96 479;96 558;96 634;96 709;96 782;96 854;96 924;96 992
67; - ; - ; - ; - ; - ; - ; - ; - ; - ; - ; - ; - ; - ; - ; - ; - ; - ; - ; - ; - ; - ; - ; - ; - ; - ; - ; - ; - ; - ;100 000;99 058;98 233;97 513;96 904;96 362;95 874;95 439;95 039;94 661;94 329;94 048;93 810;93 630;93 499;93 401;93 329;93 283;93 247;93 225;93 217;93 226;93 251;93 286;93 331;93 387;93 451;93 521;93 596;93 675;93 757;93 841;93 926;94 012;94 098;94 185;94 271;94 357;94 442;94 527;94 610;94 692;94 773;94 852;94 930;95 007;95 082;95 156;95 229;95 306;95 384;95 465;95 547;95 630;95 712;95 794;95 875;95 955;96 032;96 108;96 182;96 253;96 320;96 382;96 432;96 459;96 418;96 119;96 205;96 289;96 372;96 452;96 531;96 608;96 684;96 758;96 830
68; - ; - ; - ; - ; - ; - ; - ; - ; - ; - ; - ; - ; - ; - ; - ; - ; - ; - ; - ; - ; - ; - ; - ; - ; - ; - ; - ; - ;100 000;98 942;98 033;97 239;96 549;95 967;95 452;94 989;94 578;94 201;93 845;93 534;93 274;93 055;92 893;92 780;92 699;92 643;92 613;92 592;92 585;92 591;92 615;92 654;92 702;92 759;92 828;92 904;92 986;93 073;93 163;93 256;93 351;93 447;93 543;93 640;93 736;93 832;93 928;94 022;94 116;94 208;94 299;94 388;94 476;94 562;94 647;94 730;94 811;94 893;94 976;95 062;95 150;95 239;95 328;95 417;95 506;95 593;95 678;95 762;95 844;95 924;96 000;96 073;96 140;96 196;96 228;96 193;95 899;95 990;96 079;96 166;96 251;96 334;96 416;96 495;96 573;96 649
69; - ; - ; - ; - ; - ; - ; - ; - ; - ; - ; - ; - ; - ; - ; - ; - ; - ; - ; - ; - ; - ; - ; - ; - ; - ; - ; - ;100 000;98 796;97 777;96 905;96 145;95 487;94 935;94 448;94 012;93 627;93 275;92 943;92 655;92 416;92 219;92 077;91 983;91 920;91 882;91 869;91 866;91 875;91 897;91 935;91 989;92 052;92 123;92 205;92 295;92 390;92 490;92 593;92 698;92 805;92 912;93 020;93 128;93 235;93 342;93 448;93 553;93 656;93 758;93 859;93 958;94 055;94 150;94 244;94 335;94 425;94 515;94 606;94 700;94 796;94 892;94 989;95 086;95 181;95 275;95 368;95 458;95 547;95 633;95 716;95 795;95 867;95 929;95 967;95 938;95 650;95 747;95 841;95 933;96 023;96 111;96 198;96 282;96 365;96 445
70; - ; - ; - ; - ; - ; - ; - ; - ; - ; - ; - ; - ; - ; - ; - ; - ; - ; - ; - ; - ; - ; - ; - ; - ; - ; - ;100 000;98 634;97 476;96 500;95 667;94 944;94 320;93 800;93 344;92 938;92 580;92 255;91 949;91 686;91 471;91 296;91 177;91 103;91 060;91 042;91 047;91 062;91 089;91 128;91 183;91 253;91 332;91 419;91 516;91 620;91 730;91 843;91 960;92 078;92 198;92 318;92 438;92 558;92 678;92 796;92 914;93 030;93 144;93 257;93 368;93 477;93 585;93 690;93 793;93 894;93 994;94 092;94 193;94 296;94 400;94 505;94 610;94 714;94 818;94 919;95 019;95 117;95 213;95 306;95 396;95 482;95 562;95 630;95 674;95 652;95 371;95 474;95 574;95 672;95 767;95 861;95 953;96 042;96 130;96 216
71; - ; - ; - ; - ; - ; - ; - ; - ; - ; - ; - ; - ; - ; - ; - ; - ; - ; - ; - ; - ; - ; - ; - ; - ; - ;100 000;98 424;97 113;96 005;95 075;94 285;93 602;93 016;92 531;92 109;91 734;91 407;91 112;90 834;90 599;90 410;90 260;90 164;90 113;90 093;90 095;90 121;90 156;90 202;90 260;90 334;90 422;90 518;90 622;90 735;90 855;90 981;91 110;91 241;91 374;91 508;91 643;91 777;91 911;92 043;92 175;92 305;92 434;92 560;92 685;92 808;92 929;93 048;93 164;93 278;93 390;93 500;93 609;93 719;93 832;93 946;94 060;94 175;94 288;94 400;94 511;94 619;94 726;94 829;94 931;95 028;95 122;95 209;95 285;95 337;95 321;95 049;95 158;95 265;95 369;95 471;95 571;95 669;95 764;95 858;95 949
72; - ; - ; - ; - ; - ; - ; - ; - ; - ; - ; - ; - ; - ; - ; - ; - ; - ; - ; - ; - ; - ; - ; - ; - ;100 000;98 207;96 696;95 445;94 392;93 511;92 767;92 127;91 582;91 135;90 749;90 409;90 115;89 851;89 604;89 398;89 238;89 115;89 045;89 018;89 021;89 047;89 095;89 152;89 219;89 297;89 391;89 498;89 613;89 735;89 867;90 005;90 147;90 293;90 441;90 590;90 740;90 890;91 039;91 187;91 335;91 481;91 625;91 767;91 907;92 045;92 181;92 315;92 446;92 575;92 701;92 825;92 946;93 066;93 188;93 311;93 436;93 560;93 685;93 808;93 930;94 050;94 168;94 284;94 397;94 507;94 614;94 716;94 811;94 895;94 955;94 948;94 686;94 802;94 916;95 027;95 136;95 243;95 348;95 450;95 550;95 648
73; - ; - ; - ; - ; - ; - ; - ; - ; - ; - ; - ; - ; - ; - ; - ; - ; - ; - ; - ; - ; - ; - ; - ;100 000;97 985;96 270;94 829;93 641;92 645;91 818;91 123;90 529;90 027;89 620;89 273;88 969;88 710;88 480;88 266;88 092;87 961;87 867;87 825;87 825;87 853;87 903;87 975;88 055;88 145;88 245;88 360;88 488;88 623;88 765;88 916;89 073;89 234;89 397;89 563;89 730;89 896;90 063;90 229;90 393;90 556;90 717;90 877;91 034;91 189;91 341;91 491;91 638;91 783;91 925;92 064;92 201;92 335;92 467;92 601;92 736;92 872;93 008;93 144;93 278;93 411;93 542;93 670;93 796;93 918;94 038;94 154;94 266;94 371;94 464;94 533;94 535;94 282;94 407;94 528;94 648;94 765;94 879;94 991;95 100;95 208;95 312
74; - ; - ; - ; - ; - ; - ; - ; - ; - ; - ; - ; - ; - ; - ; - ; - ; - ; - ; - ; - ; - ; - ;100 000;97 726;95 803;94 171;92 806;91 684;90 750;89 979;89 336;88 791;88 335;87 971;87 664;87 400;87 179;86 985;86 806;86 665;86 566;86 503;86 490;86 518;86 574;86 650;86 748;86 852;86 966;87 090;87 228;87 378;87 535;87 698;87 870;88 047;88 228;88 411;88 596;88 781;88 966;89 151;89 334;89 516;89 696;89 874;90 050;90 223;90 393;90 561;90 727;90 889;91 048;91 205;91 358;91 509;91 656;91 802;91 949;92 097;92 246;92 395;92 542;92 689;92 833;92 975;93 115;93 251;93 385;93 516;93 642;93 764;93 879;93 982;94 061;94 073;93 831;93 965;94 096;94 224;94 349;94 472;94 592;94 709;94 824;94 937
75; - ; - ; - ; - ; - ; - ; - ; - ; - ; - ; - ; - ; - ; - ; - ; - ; - ; - ; - ; - ; - ;100 000;97 484;95 319;93 493;91 947;90 659;89 609;88 738;88 026;87 437;86 943;86 535;86 217;85 953;85 729;85 547;85 391;85 248;85 143;85 078;85 047;85 065;85 122;85 206;85 310;85 434;85 565;85 704;85 853;86 015;86 189;86 369;86 554;86 748;86 946;87 148;87 352;87 557;87 762;87 967;88 170;88 372;88 573;88 771;88 967;89 160;89 350;89 538;89 722;89 904;90 082;90 257;90 429;90 598;90 763;90 925;91 086;91 247;91 408;91 571;91 733;91 893;92 052;92 209;92 364;92 515;92 664;92 809;92 951;93 089;93 222;93 348;93 462;93 551;93 574;93 344;93 487;93 628;93 765;93 899;94 031;94 160;94 286;94 410;94 531
76; - ; - ; - ; - ; - ; - ; - ; - ; - ; - ; - ; - ; - ; - ; - ; - ; - ; - ; - ; - ;100 000;97 258;94 867;92 813;91 087;89 630;88 423;87 445;86 640;85 988;85 456;85 015;84 656;84 384;84 164;83 982;83 841;83 724;83 619;83 550;83 520;83 522;83 571;83 660;83 773;83 906;84 058;84 215;84 381;84 555;84 743;84 941;85 145;85 354;85 570;85 791;86 015;86 240;86 466;86 692;86 916;87 140;87 362;87 581;87 798;88 013;88 224;88 432;88 638;88 839;89 038;89 233;89 425;89 613;89 797;89 978;90 156;90 331;90 507;90 683;90 860;91 036;91 210;91 382;91 553;91 720;91 884;92 045;92 203;92 357;92 507;92 651;92 788;92 913;93 014;93 048;92 831;92 984;93 135;93 282;93 426;93 567;93 705;93 841;93 973;94 103
77; - ; - ; - ; - ; - ; - ; - ; - ; - ; - ; - ; - ; - ; - ; - ; - ; - ; - ; - ;100 000;96 949;94 352;92 092;90 154;88 531;87 168;86 045;85 142;84 406;83 817;83 344;82 957;82 650;82 426;82 252;82 115;82 015;81 939;81 874;81 843;81 849;81 886;81 969;82 090;82 234;82 396;82 577;82 763;82 957;83 159;83 372;83 596;83 825;84 059;84 299;84 544;84 791;85 039;85 287;85 535;85 781;86 026;86 268;86 508;86 745;86 979;87 210;87 438;87 662;87 882;88 099;88 312;88 521;88 726;88 928;89 126;89 320;89 511;89 703;89 895;90 086;90 277;90 466;90 653;90 838;91 019;91 197;91 371;91 542;91 709;91 871;92 028;92 178;92 315;92 428;92 475;92 271;92 435;92 596;92 754;92 909;93 060;93 208;93 354;93 496;93 635
78; - ; - ; - ; - ; - ; - ; - ; - ; - ; - ; - ; - ; - ; - ; - ; - ; - ; - ;100 000;96 661;93 778;91 331;89 204;87 387;85 871;84 603;83 566;82 740;82 075;81 551;81 137;80 807;80 552;80 378;80 251;80 159;80 103;80 069;80 045;80 053;80 097;80 170;80 288;80 441;80 617;80 811;81 022;81 237;81 460;81 689;81 930;82 181;82 436;82 695;82 961;83 230;83 501;83 773;84 044;84 315;84 583;84 850;85 114;85 376;85 634;85 889;86 140;86 388;86 631;86 871;87 107;87 339;87 566;87 790;88 009;88 224;88 436;88 644;88 853;89 061;89 269;89 475;89 680;89 882;90 081;90 277;90 469;90 658;90 843;91 023;91 199;91 370;91 532;91 682;91 808;91 867;91 678;91 854;92 026;92 196;92 361;92 523;92 682;92 838;92 991;93 140
79; - ; - ; - ; - ; - ; - ; - ; - ; - ; - ; - ; - ; - ; - ; - ; - ; - ;100 000;96 250;93 111;90 405;88 114;86 127;84 434;83 029;81 861;80 913;80 168;79 577;79 120;78 769;78 497;78 297;78 175;78 097;78 053;78 042;78 051;78 070;78 118;78 202;78 313;78 467;78 655;78 864;79 090;79 333;79 579;79 832;80 091;80 361;80 640;80 923;81 209;81 501;81 796;82 093;82 389;82 686;82 980;83 273;83 563;83 851;84 135;84 416;84 692;84 965;85 234;85 499;85 760;86 016;86 268;86 516;86 759;86 997;87 232;87 461;87 688;87 915;88 141;88 366;88 589;88 811;89 029;89 245;89 456;89 664;89 869;90 069;90 264;90 455;90 639;90 816;90 980;91 120;91 193;91 019;91 208;91 393;91 575;91 752;91 927;92 097;92 264;92 428;92 589
80; - ; - ; - ; - ; - ; - ; - ; - ; - ; - ; - ; - ; - ; - ; - ; - ;100 000;95 701;92 195;89 266;86 748;84 620;82 781;81 220;79 932;78 869;78 016;77 355;76 841;76 455;76 169;75 959;75 817;75 749;75 723;75 728;75 764;75 820;75 883;75 975;76 100;76 251;76 443;76 667;76 912;77 173;77 449;77 728;78 013;78 303;78 604;78 913;79 225;79 540;79 861;80 184;80 507;80 831;81 154;81 475;81 793;82 109;82 421;82 730;83 035;83 336;83 633;83 925;84 213;84 496;84 775;85 049;85 318;85 582;85 842;86 097;86 348;86 595;86 841;87 086;87 331;87 573;87 813;88 050;88 283;88 513;88 738;88 959;89 176;89 388;89 595;89 796;89 988;90 168;90 324;90 413;90 257;90 460;90 659;90 854;91 046;91 233;91 417;91 597;91 773;91 946
81; - ; - ; - ; - ; - ; - ; - ; - ; - ; - ; - ; - ; - ; - ; - ;100 000;95 064;91 068;87 819;85 112;82 789;80 835;79 150;77 727;76 561;75 609;74 854;74 281;73 848;73 535;73 317;73 171;73 089;73 077;73 104;73 161;73 247;73 350;73 461;73 598;73 766;73 959;74 190;74 453;74 735;75 031;75 342;75 656;75 975;76 298;76 631;76 972;77 315;77 661;78 012;78 364;78 717;79 070;79 421;79 769;80 116;80 458;80 798;81 133;81 464;81 791;82 113;82 431;82 744;83 052;83 355;83 653;83 946;84 234;84 517;84 794;85 067;85 337;85 605;85 872;86 137;86 400;86 661;86 918;87 171;87 420;87 665;87 905;88 141;88 371;88 596;88 815;89 026;89 223;89 396;89 503;89 367;89 586;89 801;90 012;90 218;90 421;90 619;90 814;91 005;91 192
82; - ; - ; - ; - ; - ; - ; - ; - ; - ; - ; - ; - ; - ; - ;100 000;94 387;89 829;86 148;83 165;80 686;78 566;76 789;75 264;73 984;72 944;72 105;71 451;70 969;70 618;70 380;70 232;70 151;70 130;70 175;70 258;70 367;70 503;70 656;70 814;70 997;71 209;71 445;71 717;72 019;72 340;72 673;73 020;73 369;73 723;74 081;74 448;74 821;75 197;75 575;75 957;76 340;76 723;77 106;77 487;77 865;78 240;78 612;78 980;79 343;79 702;80 056;80 406;80 751;81 090;81 424;81 753;82 077;82 396;82 709;83 017;83 319;83 616;83 910;84 201;84 492;84 780;85 066;85 349;85 628;85 903;86 173;86 439;86 700;86 957;87 207;87 453;87 691;87 921;88 138;88 330;88 458;88 343;88 580;88 813;89 041;89 264;89 484;89 699;89 910;90 117;90 320
83; - ; - ; - ; - ; - ; - ; - ; - ; - ; - ; - ; - ; - ;100 000;93 421;88 288;84 128;80 778;78 073;75 835;73 927;72 336;70 978;69 846;68 939;68 217;67 668;67 279;67 012;66 852;66 775;66 761;66 803;66 906;67 044;67 207;67 395;67 597;67 804;68 035;68 293;68 573;68 887;69 229;69 588;69 959;70 344;70 729;71 119;71 513;71 914;72 322;72 731;73 142;73 557;73 973;74 388;74 803;75 215;75 624;76 030;76 433;76 831;77 225;77 613;77 998;78 377;78 750;79 119;79 482;79 839;80 191;80 538;80 879;81 214;81 544;81 868;82 188;82 506;82 822;83 136;83 447;83 755;84 058;84 358;84 653;84 942;85 227;85 507;85 781;86 049;86 310;86 562;86 801;87 016;87 166;87 078;87 335;87 588;87 836;88 079;88 318;88 552;88 782;89 008;89 229
84; - ; - ; - ; - ; - ; - ; - ; - ; - ; - ; - ; - ;100 000;92 610;86 636;81 987;78 228;75 211;72 786;70 789;69 093;67 689;66 498;65 515;64 738;64 133;63 688;63 392;63 208;63 124;63 117;63 168;63 271;63 431;63 624;63 839;64 077;64 329;64 584;64 861;65 163;65 486;65 841;66 223;66 620;67 029;67 450;67 872;68 297;68 726;69 162;69 604;70 047;70 492;70 939;71 387;71 835;72 282;72 726;73 167;73 604;74 038;74 467;74 891;75 311;75 725;76 135;76 539;76 937;77 330;77 717;78 098;78 474;78 843;79 207;79 566;79 918;80 266;80 612;80 955;81 296;81 634;81 968;82 299;82 624;82 944;83 260;83 570;83 874;84 173;84 465;84 751;85 027;85 290;85 529;85 703;85 643;85 923;86 198;86 467;86 732;86 992;87 247;87 498;87 744;87 985
85; - ; - ; - ; - ; - ; - ; - ; - ; - ; - ; - ;100 000;91 588;84 948;79 586;75 425;72 070;69 389;67 245;65 489;64 007;62 789;61 764;60 928;60 282;59 792;59 449;59 243;59 141;59 131;59 191;59 305;59 467;59 682;59 926;60 192;60 479;60 777;61 079;61 401;61 746;62 110;62 505;62 924;63 358;63 803;64 259;64 716;65 176;65 639;66 109;66 584;67 060;67 537;68 017;68 497;68 977;69 455;69 931;70 404;70 873;71 337;71 798;72 254;72 704;73 150;73 590;74 025;74 454;74 878;75 295;75 707;76 113;76 513;76 907;77 295;77 677;78 054;78 429;78 802;79 172;79 538;79 901;80 259;80 612;80 960;81 302;81 640;81 971;82 296;82 615;82 927;83 230;83 519;83 784;83 986;83 957;84 261;84 560;84 853;85 141;85 425;85 703;85 976;86 245;86 509
86; - ; - ; - ; - ; - ; - ; - ; - ; - ; - ;100 000;90 560;83 078;77 179;72 423;68 744;65 787;63 436;61 567;60 048;58 773;57 736;56 873;56 181;55 660;55 282;55 037;54 917;54 892;54 950;55 074;55 247;55 464;55 729;56 022;56 334;56 665;57 008;57 352;57 716;58 101;58 504;58 935;59 389;59 858;60 336;60 825;61 314;61 806;62 301;62 803;63 309;63 816;64 324;64 835;65 346;65 857;66 365;66 872;67 375;67 875;68 370;68 861;69 348;69 829;70 306;70 777;71 242;71 702;72 156;72 605;73 047;73 484;73 915;74 339;74 758;75 170;75 578;75 983;76 385;76 785;77 181;77 573;77 960;78 342;78 719;79 090;79 456;79 816;80 169;80 516;80 856;81 186;81 504;81 796;82 027;82 033;82 363;82 687;83 006;83 320;83 628;83 931;84 229;84 523;84 811
87; - ; - ; - ; - ; - ; - ; - ; - ; - ;100 000;89 379;81 085;74 515;69 343;65 180;61 972;59 403;57 373;55 772;54 480;53 406;52 544;51 836;51 281;50 880;50 606;50 453;50 413;50 459;50 581;50 762;50 988;51 254;51 565;51 900;52 253;52 625;53 006;53 389;53 789;54 210;54 647;55 111;55 596;56 094;56 602;57 120;57 638;58 159;58 683;59 213;59 747;60 283;60 820;61 359;61 898;62 437;62 974;63 509;64 041;64 570;65 094;65 615;66 131;66 642;67 148;67 649;68 145;68 635;69 120;69 598;70 072;70 539;71 000;71 455;71 905;72 348;72 787;73 222;73 655;74 085;74 511;74 933;75 351;75 763;76 170;76 571;76 966;77 356;77 739;78 116;78 485;78 845;79 191;79 514;79 776;79 818;80 176;80 528;80 874;81 215;81 551;81 881;82 206;82 526;82 840
88; - ; - ; - ; - ; - ; - ; - ; - ;100 000;88 324;79 093;71 888;66 186;61 704;58 104;55 342;53 141;51 413;50 063;48 985;48 098;47 399;46 835;46 407;46 115;45 937;45 867;45 899;46 008;46 186;46 418;46 689;46 998;47 347;47 719;48 107;48 512;48 926;49 342;49 773;50 224;50 690;51 181;51 692;52 215;52 748;53 290;53 833;54 378;54 927;55 481;56 040;56 600;57 161;57 725;58 289;58 853;59 416;59 976;60 534;61 089;61 640;62 187;62 730;63 269;63 802;64 331;64 855;65 374;65 887;66 394;66 896;67 393;67 884;68 369;68 848;69 321;69 789;70 255;70 718;71 177;71 633;72 085;72 532;72 974;73 410;73 841;74 267;74 686;75 099;75 505;75 904;76 293;76 670;77 023;77 317;77 398;77 783;78 164;78 538;78 907;79 270;79 628;79 981;80 328;80 670
89; - ; - ; - ; - ; - ; - ; - ;100 000;87 120;77 105;69 186;63 008;58 124;54 293;51 222;48 878;47 021;45 575;44 458;43 579;42 865;42 314;41 882;41 569;41 376;41 283;41 287;41 381;41 544;41 769;42 043;42 352;42 695;43 075;43 476;43 892;44 323;44 762;45 204;45 661;46 135;46 624;47 135;47 666;48 209;48 760;49 321;49 883;50 447;51 015;51 589;52 167;52 747;53 328;53 911;54 496;55 081;55 664;56 246;56 826;57 403;57 977;58 548;59 114;59 677;60 235;60 789;61 339;61 883;62 422;62 956;63 485;64 009;64 527;65 040;65 547;66 049;66 546;67 040;67 531;68 019;68 504;68 985;69 461;69 932;70 397;70 858;71 312;71 761;72 203;72 639;73 068;73 487;73 894;74 277;74 604;74 724;75 139;75 547;75 951;76 348;76 740;77 126;77 507;77 883;78 253
90; - ; - ; - ; - ; - ; - ;100 000;85 774;74 889;66 421;59 725;54 505;50 383;47 157;44 579;42 624;41 084;39 897;38 993;38 293;37 736;37 319;37 005;36 793;36 686;36 668;36 734;36 880;37 087;37 350;37 655;37 993;38 361;38 763;39 184;39 619;40 068;40 525;40 985;41 458;41 948;42 452;42 977;43 520;44 075;44 638;45 210;45 784;46 361;46 942;47 528;48 120;48 713;49 308;49 906;50 506;51 105;51 705;52 303;52 900;53 495;54 087;54 676;55 262;55 845;56 424;56 999;57 570;58 136;58 699;59 256;59 809;60 357;60 900;61 438;61 970;62 498;63 021;63 542;64 060;64 575;65 087;65 595;66 098;66 597;67 091;67 579;68 062;68 540;69 011;69 476;69 933;70 382;70 819;71 233;71 593;71 754;72 197;72 635;73 067;73 493;73 914;74 329;74 739;75 144;75 543
91; - ; - ; - ; - ; - ;100 000;83 994;72 203;63 176;56 153;50 599;46 273;42 862;40 200;38 079;36 481;35 234;34 283;33 572;33 033;32 614;32 315;32 103;31 979;31 945;31 988;32 103;32 289;32 528;32 815;33 141;33 495;33 878;34 290;34 720;35 163;35 620;36 084;36 551;37 032;37 528;38 037;38 566;39 112;39 670;40 236;40 811;41 388;41 970;42 555;43 146;43 743;44 342;44 944;45 549;46 156;46 765;47 373;47 982;48 590;49 196;49 801;50 404;51 004;51 602;52 197;52 788;53 377;53 962;54 543;55 120;55 694;56 263;56 828;57 388;57 944;58 496;59 043;59 589;60 132;60 673;61 210;61 745;62 275;62 801;63 322;63 838;64 349;64 855;65 355;65 850;66 337;66 816;67 283;67 729;68 123;68 328;68 801;69 269;69 731;70 188;70 639;71 086;71 526;71 962;72 392
92; - ; - ; - ; - ;100 000;82 501;69 450;59 833;52 467;46 735;42 202;38 676;35 900;33 740;32 026;30 745;29 754;29 010;28 466;28 065;27 764;27 564;27 437;27 384;27 408;27 497;27 649;27 861;28 120;28 421;28 756;29 117;29 502;29 915;30 344;30 785;31 239;31 701;32 167;32 645;33 138;33 643;34 167;34 707;35 259;35 819;36 388;36 960;37 537;38 119;38 707;39 301;39 898;40 499;41 103;41 711;42 320;42 931;43 542;44 154;44 765;45 376;45 985;46 594;47 200;47 805;48 408;49 008;49 605;50 200;50 792;51 381;51 966;52 548;53 126;53 701;54 272;54 840;55 406;55 970;56 533;57 093;57 650;58 203;58 753;59 299;59 840;60 377;60 909;61 435;61 957;62 472;62 979;63 475;63 951;64 378;64 626;65 128;65 624;66 116;66 602;67 083;67 559;68 030;68 495;68 956
93; - ; - ; - ;100 000;80 837;66 833;56 379;48 673;42 769;38 174;34 542;31 719;29 502;27 783;26 425;25 420;24 651;24 083;23 679;23 394;23 191;23 071;23 011;23 013;23 080;23 202;23 377;23 604;23 871;24 175;24 509;24 865;25 244;25 647;26 065;26 495;26 938;27 388;27 843;28 310;28 790;29 283;29 794;30 320;30 857;31 403;31 958;32 518;33 082;33 652;34 229;34 813;35 401;35 993;36 589;37 190;37 793;38 399;39 006;39 615;40 225;40 835;41 445;42 055;42 664;43 273;43 880;44 486;45 091;45 694;46 295;46 894;47 491;48 085;48 677;49 265;49 851;50 435;51 017;51 599;52 179;52 758;53 334;53 908;54 478;55 045;55 608;56 167;56 722;57 273;57 819;58 359;58 892;59 415;59 919;60 378;60 668;61 196;61 720;62 239;62 753;63 262;63 767;64 267;64 762;65 252
94; - ; - ;100 000;79 024;63 984;52 984;44 768;38 710;34 068;30 456;27 601;25 387;23 653;22 315;21 265;20 498;19 919;19 502;19 216;19 027;18 904;18 850;18 844;18 890;18 990;19 135;19 325;19 558;19 826;20 126;20 451;20 797;21 163;21 551;21 953;22 366;22 791;23 224;23 662;24 112;24 575;25 050;25 542;26 048;26 565;27 091;27 627;28 168;28 715;29 267;29 828;30 395;30 968;31 545;32 128;32 716;33 307;33 902;34 499;35 099;35 701;36 305;36 909;37 515;38 121;38 727;39 334;39 940;40 546;41 152;41 756;42 359;42 962;43 563;44 162;44 759;45 355;45 949;46 543;47 136;47 729;48 321;48 912;49 500;50 087;50 670;51 251;51 828;52 402;52 972;53 538;54 100;54 655;55 201;55 730;56 216;56 545;57 097;57 644;58 188;58 727;59 262;59 792;60 318;60 840;61 357
95; - ;100 000;77 333;61 197;49 618;41 145;34 813;30 144;26 565;23 781;21 583;19 884;18 558;17 542;16 750;16 180;15 757;15 463;15 272;15 158;15 097;15 090;15 124;15 199;15 318;15 475;15 669;15 899;16 159;16 445;16 754;17 081;17 426;17 791;18 168;18 556;18 956;19 364;19 778;20 203;20 641;21 090;21 554;22 033;22 522;23 020;23 529;24 043;24 564;25 091;25 627;26 170;26 719;27 274;27 835;28 401;28 972;29 548;30 127;30 710;31 295;31 884;32 475;33 068;33 662;34 258;34 856;35 454;36 053;36 653;37 253;37 853;38 453;39 052;39 651;40 250;40 847;41 444;42 042;42 640;43 239;43 837;44 435;45 032;45 627;46 220;46 812;47 401;47 987;48 571;49 151;49 727;50 298;50 861;51 409;51 918;52 282;52 851;53 417;53 980;54 539;55 094;55 645;56 193;56 736;57 276
96;100 000;75 327;58 321;46 205;37 507;31 138;26 377;22 866;20 175;18 084;16 438;15 169;14 185;13 436;12 857;12 448;12 152;11 954;11 838;11 780;11 764;11 791;11 851;11 943;12 071;12 229;12 417;12 636;12 879;13 145;13 430;13 731;14 048;14 383;14 729;15 086;15 453;15 829;16 211;16 604;17 009;17 425;17 855;18 299;18 753;19 217;19 690;20 170;20 657;21 152;21 655;22 165;22 683;23 207;23 738;24 275;24 818;25 366;25 918;26 476;27 037;27 602;28 170;28 742;29 317;29 894;30 474;31 056;31 640;32 225;32 812;33 400;33 989;34 580;35 170;35 761;36 353;36 945;37 539;38 134;38 730;39 327;39 924;40 521;41 118;41 714;42 308;42 902;43 493;44 083;44 671;45 255;45 835;46 409;46 969;47 494;47 887;48 468;49 046;49 622;50 195;50 765;51 331;51 895;52 455;53 012
97;73 481;55 401;42 932;34 045;27 661;22 986;19 489;16 911;14 938;13 408;12 207;11 286;10 575;10 039;9 629;9 346;9 148;9 024;8 961;8 943;8 958;9 005;9 078;9 177;9 304;9 455;9 631;9 832;10 052;10 292;10 548;10 818;11 102;11 401;11 712;12 032;12 362;12 701;13 046;13 402;13 768;14 146;14 536;14 939;15 353;15 776;16 208;16 648;17 095;17 550;18 014;18 486;18 965;19 452;19 946;20 446;20 954;21 467;21 986;22 510;23 039;23 573;24 112;24 654;25 201;25 751;26 305;26 863;27 423;27 986;28 552;29 120;29 690;30 262;30 837;31 412;31 989;32 568;33 149;33 733;34 318;34 906;35 494;36 084;36 674;37 264;37 854;38 444;39 033;39 621;40 208;40 793;41 375;41 951;42 517;43 050;43 465;44 050;44 634;45 216;45 796;46 374;46 949;47 522;48 092;48 660
98;52 620;39 697;30 782;24 426;19 859;16 514;14 012;12 169;10 762;9 675;8 824;8 175;7 678;7 306;7 027;6 839;6 713;6 642;6 616;6 624;6 657;6 714;6 791;6 888;7 007;7 146;7 304;7 481;7 675;7 885;8 109;8 345;8 593;8 855;9 126;9 407;9 697;9 995;10 300;10 614;10 939;11 274;11 621;11 980;12 349;12 727;13 114;13 509;13 912;14 323;14 743;15 171;15 607;16 051;16 502;16 960;17 426;17 898;18 377;18 862;19 353;19 849;20 350;20 857;21 369;21 885;22 406;22 932;23 461;23 994;24 531;25 071;25 615;26 161;26 711;27 263;27 817;28 375;28 935;29 499;30 066;30 636;31 208;31 781;32 357;32 933;33 510;34 089;34 667;35 246;35 824;36 402;36 978;37 549;38 112;38 646;39 075;39 657;40 239;40 820;41 399;41 978;42 554;43 129;43 703;44 274
99;36 636;27 648;21 447;17 025;13 847;11 519;9 780;8 503;7 531;6 782;6 198;5 756;5 419;5 171;4 988;4 870;4 796;4 761;4 759;4 781;4 822;4 881;4 955;5 045;5 151;5 272;5 409;5 562;5 727;5 906;6 096;6 297;6 508;6 731;6 962;7 202;7 451;7 707;7 970;8 242;8 524;8 814;9 116;9 429;9 751;10 082;10 422;10 770;11 126;11 490;11 862;12 244;12 632;13 029;13 434;13 846;14 266;14 693;15 127;15 567;16 014;16 467;16 927;17 392;17 863;18 339;18 821;19 308;19 800;20 296;20 798;21 303;21 813;22 327;22 845;23 366;23 891;24 419;24 952;25 489;26 030;26 574;27 121;27 672;28 224;28 779;29 336;29 895;30 455;31 016;31 578;32 141;32 703;33 262;33 813;34 341;34 775;35 347;35 919;36 491;37 063;37 634;38 205;38 775;39 344;39 912
100;24 738;18 670;14 483;11 498;9 353;7 784;6 614;5 758;5 108;4 610;4 223;3 932;3 713;3 554;3 440;3 370;3 330;3 318;3 329;3 358;3 400;3 456;3 522;3 600;3 691;3 794;3 908;4 035;4 172;4 320;4 477;4 644;4 819;5 003;5 196;5 396;5 604;5 819;6 040;6 270;6 508;6 755;7 012;7 278;7 553;7 837;8 129;8 429;8 737;9 053;9 377;9 709;10 049;10 397;10 753;11 117;11 488;11 867;12 253;12 646;13 046;13 452;13 865;14 285;14 711;15 143;15 581;16 024;16 474;16 929;17 389;17 854;18 325;18 800;19 280;19 765;20 253;20 747;21 245;21 748;22 256;22 768;23 284;23 804;24 327;24 854;25 383;25 915;26 450;26 986;27 525;28 064;28 604;29 143;29 677;30 190;30 622;31 176;31 731;32 286;32 843;33 399;33 957;34 514;35 071;35 628
101;16 156;12 190;9 454;7 503;6 104;5 084;4 325;3 771;3 353;3 033;2 786;2 602;2 465;2 368;2 300;2 262;2 245;2 246;2 263;2 292;2 331;2 379;2 436;2 501;2 576;2 659;2 752;2 854;2 964;3 083;3 209;3 343;3 484;3 633;3 789;3 952;4 121;4 297;4 479;4 668;4 865;5 070;5 283;5 505;5 735;5 973;6 218;6 471;6 732;7 000;7 276;7 560;7 851;8 150;8 457;8 772;9 094;9 423;9 760;10 104;10 455;10 813;11 178;11 550;11 928;12 312;12 704;13 101;13 504;13 914;14 329;14 750;15 177;15 610;16 047;16 490;16 938;17 391;17 850;18 314;18 783;19 257;19 736;20 220;20 708;21 199;21 695;22 194;22 696;23 201;23 710;24 220;24 732;25 244;25 752;26 244;26 665;27 194;27 725;28 257;28 791;29 326;29 863;30 400;30 939;31 478
102;10 175;7 672;5 946;4 718;3 840;3 202;2 728;2 384;2 125;1 927;1 776;1 665;1 583;1 527;1 489;1 471;1 466;1 473;1 491;1 518;1 551;1 591;1 637;1 689;1 748;1 813;1 886;1 965;2 051;2 143;2 242;2 347;2 457;2 574;2 698;2 826;2 961;3 101;3 247;3 399;3 557;3 723;3 896;4 076;4 264;4 459;4 661;4 869;5 085;5 307;5 538;5 775;6 020;6 271;6 531;6 797;7 071;7 352;7 640;7 935;8 238;8 547;8 863;9 186;9 515;9 852;10 195;10 544;10 900;11 262;11 630;12 005;12 385;12 771;13 164;13 562;13 965;14 374;14 789;15 210;15 637;16 069;16 507;16 950;17 397;17 849;18 306;18 767;19 231;19 700;20 172;20 647;21 125;21 604;22 081;22 545;22 949;23 447;23 947;24 450;24 955;25 463;25 972;26 483;26 996;27 510
103;6 158;4 639;3 593;2 852;2 323;1 940;1 656;1 451;1 297;1 181;1 092;1 028;981;951;932;925;926;936;952;974;1 001;1 032;1 067;1 107;1 152;1 202;1 256;1 316;1 381;1 451;1 525;1 605;1 689;1 778;1 873;1 972;2 076;2 185;2 298;2 417;2 542;2 672;2 809;2 952;3 102;3 258;3 420;3 588;3 762;3 943;4 131;4 325;4 526;4 733;4 947;5 169;5 396;5 631;5 873;6 121;6 376;6 638;6 906;7 181;7 463;7 752;8 047;8 348;8 656;8 970;9 291;9 618;9 951;10 290;10 636;10 987;11 344;11 707;12 077;12 452;12 834;13 221;13 614;14 013;14 417;14 826;15 240;15 658;16 082;16 510;16 942;17 377;17 816;18 258;18 698;19 129;19 510;19 971;20 436;20 904;21 375;21 849;22 326;22 805;23 286;23 770
104;3 569;2 686;2 080;1 652;1 348;1 128;966;849;761;696;646;611;586;571;562;561;565;574;588;605;625;648;674;704;736;772;812;856;903;954;1 009;1 067;1 130;1 196;1 266;1 341;1 419;1 501;1 587;1 678;1 773;1 873;1 979;2 089;2 206;2 327;2 454;2 587;2 724;2 868;3 017;3 172;3 333;3 501;3 674;3 853;4 039;4 231;4 429;4 634;4 845;5 062;5 285;5 515;5 751;5 994;6 242;6 497;6 759;7 027;7 301;7 581;7 867;8 160;8 458;8 763;9 073;9 390;9 713;10 042;10 377;10 718;11 065;11 418;11 777;12 141;12 510;12 884;13 264;13 648;14 037;14 430;14 827;15 227;15 628;16 021;16 374;16 795;17 220;17 649;18 082;18 518;18 957;19 400;19 845;20 294
105;1 974;1 485;1 151;915;748;628;539;475;428;393;367;349;337;330;327;328;332;340;350;362;377;393;412;433;456;481;509;540;573;609;648;690;735;782;833;887;944;1 004;1 068;1 135;1 206;1 281;1 360;1 444;1 532;1 624;1 721;1 823;1 929;2 040;2 156;2 277;2 403;2 535;2 672;2 814;2 962;3 116;3 275;3 440;3 610;3 787;3 969;4 157;4 351;4 550;4 756;4 968;5 185;5 409;5 638;5 874;6 115;6 363;6 616;6 875;7 140;7 411;7 688;7 972;8 261;8 556;8 857;9 164;9 477;9 795;10 119;10 448;10 782;11 121;11 466;11 815;12 168;12 525;12 883;13 237;13 558;13 936;14 319;14 706;15 097;15 492;15 891;16 294;16 700;17 109
106;1 038;781;606;483;396;333;287;255;231;213;200;191;186;183;182;184;188;194;201;209;219;231;243;257;273;290;309;330;352;377;404;433;464;497;533;571;611;654;699;748;799;853;911;973;1 037;1 106;1 178;1 254;1 334;1 418;1 506;1 598;1 695;1 796;1 902;2 012;2 127;2 247;2 372;2 502;2 637;2 777;2 922;3 073;3 228;3 390;3 556;3 728;3 905;4 088;4 277;4 471;4 670;4 876;5 086;5 303;5 525;5 752;5 986;6 225;6 470;6 721;6 978;7 240;7 508;7 781;8 060;8 344;8 634;8 928;9 228;9 532;9 841;10 154;10 469;10 782;11 068;11 403;11 742;12 086;12 434;12 786;13 142;13 503;13 867;14 235
107;517;389;303;242;199;168;146;130;118;110;104;100;98;97;98;99;102;106;111;116;123;130;138;147;157;169;181;195;210;226;244;263;284;306;330;356;384;414;445;479;515;554;595;638;685;734;786;842;900;962;1 027;1 095;1 168;1 243;1 323;1 407;1 494;1 586;1 681;1 781;1 886;1 995;2 108;2 226;2 348;2 475;2 607;2 744;2 886;3 032;3 184;3 340;3 502;3 669;3 841;4 018;4 200;4 387;4 580;4 778;4 982;5 191;5 406;5 626;5 851;6 082;6 318;6 559;6 805;7 056;7 312;7 573;7 839;8 108;8 381;8 652;8 904;9 194;9 490;9 790;10 095;10 404;10 717;11 034;11 356;11 682
108;243;183;143;115;95;81;70;63;58;54;51;50;49;49;50;51;53;56;59;62;66;71;76;81;88;95;102;111;120;131;142;155;168;183;199;216;234;254;275;298;323;349;377;408;440;475;511;551;592;636;683;733;785;840;899;961;1 025;1 094;1 165;1 241;1 319;1 402;1 488;1 578;1 672;1 770;1 873;1 979;2 090;2 205;2 324;2 448;2 576;2 709;2 846;2 988;3 134;3 286;3 442;3 603;3 769;3 940;4 116;4 297;4 483;4 674;4 869;5 070;5 276;5 486;5 701;5 921;6 145;6 373;6 605;6 836;7 052;7 301;7 554;7 811;8 074;8 340;8 611;8 886;9 165;9 448
109;107;81;64;51;43;36;32;29;27;25;24;24;24;24;24;25;26;28;30;32;34;37;40;43;47;51;56;61;67;73;80;88;96;105;116;126;138;151;165;180;196;214;232;253;275;298;323;350;379;410;443;478;515;554;596;640;687;737;789;844;902;963;1 027;1 095;1 165;1 239;1 317;1 398;1 482;1 570;1 662;1 757;1 857;1 960;2 068;2 179;2 294;2 414;2 538;2 666;2 799;2 936;3 077;3 223;3 374;3 529;3 688;3 852;4 020;4 193;4 370;4 551;4 737;4 927;5 120;5 313;5 496;5 705;5 918;6 135;6 357;6 582;6 812;7 046;7 285;7 527
110;44;34;26;21;18;15;14;13;12;11;11;11;11;11;11;12;12;13;14;15;17;18;20;22;24;26;29;32;36;39;43;48;53;59;65;72;79;87;96;105;116;127;139;152;167;182;199;217;236;257;279;303;329;356;385;416;449;484;521;561;602;646;693;742;794;848;905;965;1 028;1 094;1 163;1 236;1 311;1 390;1 472;1 557;1 646;1 739;1 835;1 935;2 039;2 146;2 257;2 373;2 492;2 615;2 742;2 873;3 009;3 148;3 291;3 438;3 589;3 744;3 901;4 060;4 212;4 383;4 559;4 739;4 923;5 111;5 303;5 499;5 698;5 902
111;17;13;10;8;7;6;6;5;5;5;5;5;5;5;5;5;6;6;7;7;8;9;10;11;12;13;15;16;18;20;23;25;28;32;35;39;44;48;54;59;66;73;80;89;98;108;119;130;143;156;171;187;204;222;242;263;286;310;336;363;392;423;456;491;528;567;608;652;697;746;796;850;905;964;1 025;1 090;1 157;1 227;1 300;1 376;1 455;1 538;1 623;1 713;1 805;1 901;2 000;2 103;2 210;2 319;2 433;2 549;2 670;2 793;2 920;3 048;3 171;3 310;3 452;3 598;3 748;3 901;4 059;4 219;4 384;4 552
112;6;5;4;3;3;2;2;2;2;2;2;2;2;2;2;2;2;3;3;3;4;4;4;5;6;6;7;8;9;10;11;13;14;16;18;21;23;26;29;32;36;40;45;50;56;62;68;76;84;92;102;112;123;135;148;162;177;193;210;229;249;270;293;317;342;370;399;429;462;496;533;571;611;654;699;746;795;847;901;958;1 017;1 079;1 144;1 211;1 281;1 354;1 430;1 509;1 591;1 676;1 764;1 855;1 949;2 045;2 145;2 246;2 343;2 453;2 566;2 683;2 803;2 925;3 052;3 181;3 314;3 450
113;2;2;1;1;1;1;1;1;1;1;1;1;1;1;1;1;1;1;1;1;1;2;2;2;2;3;3;4;4;5;5;6;7;8;9;10;12;13;15;17;19;22;24;27;31;34;38;43;48;53;59;65;72;80;88;97;106;117;128;140;153;168;183;199;216;235;255;276;298;322;348;374;403;433;465;498;534;571;610;652;695;741;788;838;890;945;1 001;1 061;1 122;1 186;1 253;1 322;1 394;1 468;1 545;1 623;1 699;1 784;1 872;1 963;2 056;2 153;2 252;2 354;2 459;2 567
114;1; - ; - ; - ; - ; - ; - ; - ; - ; - ; - ; - ; - ; - ; - ; - ; - ; - ; - ;1;1;1;1;1;1;1;1;2;2;2;2;3;3;4;4;5;6;7;8;9;10;11;13;14;16;18;21;23;26;29;33;37;41;45;51;56;62;69;76;84;92;101;111;122;133;145;158;173;188;204;221;239;259;280;302;325;350;376;404;433;464;497;531;567;605;645;686;729;775;822;872;923;977;1 032;1 090;1 149;1 207;1 271;1 338;1 408;1 480;1 554;1 630;1 709;1 791;1 875
115; - ; - ; - ; - ; - ; - ; - ; - ; - ; - ; - ; - ; - ; - ; - ; - ; - ; - ; - ; - ; - ; - ; - ; - ; - ; - ;1;1;1;1;1;1;1;2;2;2;3;3;4;4;5;6;6;7;8;9;11;12;14;16;18;20;22;25;28;31;35;39;44;48;54;59;65;72;79;87;96;105;115;126;137;149;162;176;191;207;224;242;261;281;303;325;349;375;402;430;459;490;523;557;593;630;670;710;753;796;839;887;937;989;1 043;1 099;1 156;1 216;1 278;1 342
116; - ; - ; - ; - ; - ; - ; - ; - ; - ; - ; - ; - ; - ; - ; - ; - ; - ; - ; - ; - ; - ; - ; - ; - ; - ; - ; - ; - ; - ; - ; - ;1;1;1;1;1;1;1;2;2;2;3;3;4;4;5;5;6;7;8;9;10;12;13;15;17;19;22;24;27;30;34;37;42;46;51;56;62;68;75;82;90;99;108;118;128;139;151;164;178;192;208;224;242;260;280;300;322;345;369;394;421;449;478;508;540;571;606;642;680;719;760;803;847;893;941
117; - ; - ; - ; - ; - ; - ; - ; - ; - ; - ; - ; - ; - ; - ; - ; - ; - ; - ; - ; - ; - ; - ; - ; - ; - ; - ; - ; - ; - ; - ; - ; - ; - ; - ; - ; - ;1;1;1;1;1;1;1;2;2;2;3;3;3;4;5;5;6;7;8;9;10;11;13;15;16;18;21;23;26;29;32;36;39;44;48;53;59;64;71;77;84;92;101;110;119;129;140;152;164;177;191;206;222;238;256;274;294;314;335;357;379;404;430;457;485;515;545;577;611;645
118; - ; - ; - ; - ; - ; - ; - ; - ; - ; - ; - ; - ; - ; - ; - ; - ; - ; - ; - ; - ; - ; - ; - ; - ; - ; - ; - ; - ; - ; - ; - ; - ; - ; - ; - ; - ; - ; - ; - ; - ; - ;1;1;1;1;1;1;1;2;2;2;3;3;3;4;5;5;6;7;8;9;10;11;13;14;16;18;20;22;25;27;30;34;37;41;45;50;55;60;66;72;78;85;93;101;110;119;129;139;150;162;174;187;201;216;231;246;263;281;300;320;340;362;384;408;432
119; - ; - ; - ; - ; - ; - ; - ; - ; - ; - ; - ; - ; - ; - ; - ; - ; - ; - ; - ; - ; - ; - ; - ; - ; - ; - ; - ; - ; - ; - ; - ; - ; - ; - ; - ; - ; - ; - ; - ; - ; - ; - ; - ; - ; - ; - ;1;1;1;1;1;1;1;2;2;2;3;3;3;4;4;5;6;7;7;8;9;11;12;13;15;17;19;21;23;26;28;31;35;38;42;46;50;55;60;66;72;78;85;92;100;108;116;126;135;145;156;167;179;192;205;219;234;250;266;283
120; - ; - ; - ; - ; - ; - ; - ; - ; - ; - ; - ; - ; - ; - ; - ; - ; - ; - ; - ; - ; - ; - ; - ; - ; - ; - ; - ; - ; - ; - ; - ; - ; - ; - ; - ; - ; - ; - ; - ; - ; - ; - ; - ; - ; - ; - ; - ; - ; - ; - ; - ;1;1;1;1;1;1;1;2;2;2;2;3;3;4;4;5;6;6;7;8;9;10;11;13;14;16;17;19;21;24;26;29;32;35;38;42;46;50;55;60;65;70;76;82;89;96;103;111;120;128;138;148;158;169;181
121; - ; - ; - ; - ; - ; - ; - ; - ; - ; - ; - ; - ; - ; - ; - ; - ; - ; - ; - ; - ; - ; - ; - ; - ; - ; - ; - ; - ; - ; - ; - ; - ; - ; - ; - ; - ; - ; - ; - ; - ; - ; - ; - ; - ; - ; - ; - ; - ; - ; - ; - ; - ; - ; - ; - ; - ; - ; - ; - ; - ; - ; - ; - ; - ; - ; - ; - ; - ; - ; - ; - ; - ; - ; - ; - ; - ; - ; - ; - ; - ; - ; - ; - ; - ; - ; - ; - ; - ; - ; - ; - ; - ; - ; - ; - ; - ; - ; - ; - ; - ; - ; - ; - ; - ; - ; - 